paper_id,title,session,page_count,pdf_url,overall_reporting,training_compute,training_terms,training_evidence_clue,inference_compute,inference_terms,inference_evidence_clue,hardware_terms_anywhere,extraction_note
1,One-Shot Real-World Demonstration Synthesis for Scalable Bimanual Manipulation,Session Manipulation 1,24,https://www.roboticsproceedings.org/rss22/p001.pdf,Inference-side only/mostly,Not reported,Not reported,,Partial real-time/runtime clue,Not reported,"Collection UI Interface Development blocks, and provides boundaries well suited for constructing To streamline data collection, we develop a real-time UI invariant and variant ...",desktop,Automatic full-text regex extraction; verify PDF for final claims.
2,Supervised Mixture-of-Experts for Surgical Grasping and Retraction,Session Manipulation 1,11,https://www.roboticsproceedings.org/rss22/p002.pdf,Training + inference reported,Explicit HW only,RTXA5000; A100,"R ESULTS AND D ISCUSSION on a single RTXA5000 Nvidia GPU, with the exception of π0.5 which required one A100 Nvidia GPU for training.",Explicit latency/rate,27 Hz; 10 Hz; 3.3 Hz,"ACT + MoE policy We further evaluate the ability of MoE-ACT to generalize operates at 27 Hz, incurring negligible inference overhead to diverse camera ...",RTXA5000; A100; Nvidia; GPU,Automatic full-text regex extraction; verify PDF for final claims.
3,DexImit: Learning Bimanual Dexterous Manipulation from Monocular Human Videos,Session Manipulation 1,12,https://www.roboticsproceedings.org/rss22/p003.pdf,Not reported,Not reported,Not reported,,Not reported,Not reported,,Not found,Automatic full-text regex extraction; verify PDF for final claims.
4,Semantic Contact Fields for Category-Level Generalizable Tool Manipulation,Session Manipulation 1,10,https://www.roboticsproceedings.org/rss22/p004.pdf,Not reported,Not reported,Not reported,,Not reported,Not reported,,Not found,Automatic full-text regex extraction; verify PDF for final claims.
5,Contact-Grounded Policy: Dexterous Visuotactile Policy with Generative Contact Grounding,Session Manipulation 1,11,https://www.roboticsproceedings.org/rss22/p005.pdf,Inference-side only/mostly,Not reported,Not reported,,Explicit runtime HW,NVIDIA A100; 80GB,These inference timings are measured on an NVIDIA A100 80GB results motivate the final design of the contact-consistency GPU.,NVIDIA A100; NVIDIA; GPU,Automatic full-text regex extraction; verify PDF for final claims.
6,TactAlign: Human-to-Robot Policy Transfer via Tactile Alignment,Session Manipulation 1,16,https://www.roboticsproceedings.org/rss22/p006.pdf,Training + inference reported,Explicit time only,60 minutes,All three tasks require force reasoning and via kinesthetic using a single training object (≈ 60 minutes).,Explicit latency/rate,30 Hz,"During state evolving over normalized time t ∈ [0, 1], while the con- execution, the policy runs at 10-30 Hz (Appendix E).",Not found,Automatic full-text regex extraction; verify PDF for final claims.
7,A Systematic Study of Data Modalities and Strategies for Co-training Large Behavior Models for Robot Manipulation,Session Manipulation 1,14,https://www.roboticsproceedings.org/rss22/p007.pdf,Not reported,Not reported,Not reported,,Not reported,Not reported,,server,Automatic full-text regex extraction; verify PDF for final claims.
8,SID: Sliding into Distribution for Robust Few-Demonstration Manipulation,Session Manipulation 1,12,https://www.roboticsproceedings.org/rss22/p008.pdf,Not reported,Not reported,Not reported,,Not reported,Not reported,,embedded,Automatic full-text regex extraction; verify PDF for final claims.
9,UMI-Underwater: Learning Underwater Manipulation without Underwater Teleoperation,Session Manipulation 1,10,https://www.roboticsproceedings.org/rss22/p009.pdf,Training + inference reported,Explicit HW only,NVIDIA RTX 5090,"Training is performed on a single train policies (rocks, seagrass, toy ducks), and a novel on-land NVIDIA RTX 5090 GPU and AMD Ryzen 9800X3D ...",Explicit HW + latency/rate,onboard; 100 Hz; 10 Hz; 1 Hz; 100 ms,We compute a target pixel tethered control box at 100 Hz.,NVIDIA RTX 5090; onboard; NVIDIA; GPU; CPU,Automatic full-text regex extraction; verify PDF for final claims.
10,Memory Retrieval in Visuomotor Policies for Long-Horizon Robot Control,Session World Models & Memory,10,https://www.roboticsproceedings.org/rss22/p010.pdf,Not reported,Not reported,Not reported,,Not reported,Not reported,,Not found,Automatic full-text regex extraction; verify PDF for final claims.
11,RAG-Diff: Adapting Diffusion Policies to Dynamic Constraints with Retrieval-Augmented Guidance,Session World Models & Memory,11,https://www.roboticsproceedings.org/rss22/p011.pdf,Inference-side only/mostly,Not reported,Not reported,,Partial real-time/runtime clue,Not reported,"We define success as > 75% early with the number of stored snippets, supporting scalable paint removed for the arm based on the result ...",embedded,Automatic full-text regex extraction; verify PDF for final claims.
12,Self-Improving Robot Policy with Compositional World Model,Session World Models & Memory,12,https://www.roboticsproceedings.org/rss22/p012.pdf,Training-side only/mostly,Explicit HW only,H100; NVIDIA H100,"Detailed robot H100 GPUs with a global batch size of 64, which takes setup and evaluation metrics are included in the Appendix.",Not reported,Not reported,,NVIDIA H100; H100; NVIDIA; GPUs,Automatic full-text regex extraction; verify PDF for final claims.
13,HAIC: Humanoid Agile Object Interaction Control via Dynamics-Aware World Model,Session World Models & Memory,13,https://www.roboticsproceedings.org/rss22/p013.pdf,Training + inference reported,Explicit HW only,NVIDIA RTX 4090,The two-stage training rotations and translations to align each object’s geometric prior of a model was conducted on a single NVIDIA RTX 4090 independently.,Explicit latency/rate,200 Hz; 50 Hz; 500 Hz,The PD controller operated at 200 Hz in simulation navigates uneven ground.,NVIDIA RTX 4090; onboard; Onboard; NVIDIA; GPU,Automatic full-text regex extraction; verify PDF for final claims.
14,Collaborating Visual and Parameter Spaces for Consistent Long-Horizon Embodied World Model,Session World Models & Memory,10,https://www.roboticsproceedings.org/rss22/p014.pdf,Training + inference reported,Explicit HW only,GPUs; GPU; 80GB,"reduced spatial priors along the channel dimension: Models are trained on 8×80GB GPUs, while CLIP, VAE, and T5 encoders remain frozen.",Explicit latency/rate,30 FPS,"Quantitative Analysis and the disjoint test set (94 unseen clips, 3–45s at 30 FPS) As shown in Table I, quantitative evaluations for long- are ...",GPU; GPUs,Automatic full-text regex extraction; verify PDF for final claims.
15,Act2Goal: From World Model To General Goal-conditioned Policy,Session World Models & Memory,11,https://www.roboticsproceedings.org/rss22/p015.pdf,Not reported,Not reported,Not reported,,Not reported,Not reported,,Not found,Automatic full-text regex extraction; verify PDF for final claims.
16,Causal World Modeling for Robot Control,Session World Models & Memory,23,https://www.roboticsproceedings.org/rss22/p016.pdf,Inference-side only/mostly,Not reported,Not reported,,Explicit latency/rate,32 Hz; 50 Hz; 12.5 Hz,"With our temporal Denoise 15 steps (noisy-latent aug.) 92.91 sparsification (τ =4), this corresponds to an effective control rate of ≈ 32 Hz on ...",GPU,Automatic full-text regex extraction; verify PDF for final claims.
17,Simulation Distillation: Pretraining World Models in Simulation for Rapid Real-World Adaptation,Session World Models & Memory,12,https://www.roboticsproceedings.org/rss22/p017.pdf,Inference-side only/mostly,Not reported,Not reported,,Explicit latency/rate,50 Hz; 5 Hz,Autoregressive world at 50 Hz on a laptop with an RTX 4090M.,laptop; GPU,Automatic full-text regex extraction; verify PDF for final claims.
18,Interactive World Simulator for Robot Policy Training and Evaluation,Session World Models & Memory,12,https://www.roboticsproceedings.org/rss22/p018.pdf,Training + inference reported,Explicit HW + time,GPU; 6 hours; 12 hours,"For stage 1 training, it usually takes around 6 hours on one H200 GPU, and around 12 hours for stage 2 training on one ...",Explicit HW + latency/rate,RTX 4090; 15 FPS,"10 minutes at 15 FPS on a single consumer RTX 4090 GPU, 3D-based evaluation methods, such as Physically Embodied making it highly accessible.",RTX 4090; GPU,Automatic full-text regex extraction; verify PDF for final claims.
19,HUSKY: Humanoid Skateboarding System via Physics-Aware Whole-Body Control,Session Humanoids,11,https://www.roboticsproceedings.org/rss22/p019.pdf,Inference-side only/mostly,Not reported,Not reported,,Explicit latency/rate,500 Hz; 50 Hz,We joint positions tracked by a 500 Hz PD controller.,embedded; gpu,Automatic full-text regex extraction; verify PDF for final claims.
20,Perceptive Humanoid Parkour: Chaining Dynamic Human Skills via Motion Matching,Session Humanoids,13,https://www.roboticsproceedings.org/rss22/p020.pdf,Inference-side only/mostly,Not reported,Not reported,,Explicit HW + latency/rate,onboard; 30 Hz; 60 ms; 80 ms,The onboard depth camera our hypothesis that dense data coverage is necessary for operates at 30 Hz.,onboard; Nvidia; gpu; nvidia; NVIDIA; GPU,Automatic full-text regex extraction; verify PDF for final claims.
21,$ si_0$: An Open Foundation Model Towards Universal Humanoid Loco-Manipulation,Session Humanoids,11,https://www.roboticsproceedings.org/rss22/p021.pdf,Training + inference reported,Explicit HW + time,A100; NVIDIA A100; 10 days,"All baseline models are fine-tuned on the Instruct [2] during the pre-training stage using 64 A100 GPUs same dataset, using identical image observations as ...",Explicit HW + latency/rate,A100; 160 ms; 200 ms,pass taking approximately 160 ms.,A100; NVIDIA A100; GPUs; NVIDIA; GPU,Automatic full-text regex extraction; verify PDF for final claims.
22,X-Loco: Towards Generalist Humanoid Locomotion Control via Synergetic Policy Distillation,Session Humanoids,12,https://www.roboticsproceedings.org/rss22/p022.pdf,Inference-side only/mostly,Not reported,Not reported,,Partial real-time/runtime clue,Not reported,Our primary contributions and a low-level tracker struggle to respond agilely to complex are summarized as follows: real-world scenarios or unexpected events in real ...,NVIDIA,Automatic full-text regex extraction; verify PDF for final claims.
23,Learning to Evolve: Multi-modal Interactive Fields for Robust Humanoid Navigation in Dynamic Environments,Session Humanoids,12,https://www.roboticsproceedings.org/rss22/p023.pdf,Inference-side only/mostly,Not reported,Not reported,,Explicit HW + latency/rate,NVIDIA RTX 4090; RTX 4090; 22 FPS,"ACKNOWLEDGMENTS In practice, Fapp supports real-time incremental updates at This work is jointly supported by the National Natural 22 FPS, while the asynchronous generation ...",NVIDIA RTX 4090; RTX 4090; workstation; NVIDIA; onboard,Automatic full-text regex extraction; verify PDF for final claims.
24,"MOBIUS: A Multi-Modal Bipedal Robot that can Walk, Crawl, Climb, and Roll",Session Humanoids,11,https://www.roboticsproceedings.org/rss22/p024.pdf,Inference-side only/mostly,Not reported,Not reported,,Explicit latency/rate,30 Hz; 300 Hz; 100 Hz; 60 Hz,H of 30 Hz Appendix 300 Hz Sec.,onboard,Automatic full-text regex extraction; verify PDF for final claims.
25,TeleGate: Whole-Body Humanoid Teleoperation via Gated Expert Selection with Motion Prior,Session Humanoids,12,https://www.roboticsproceedings.org/rss22/p025.pdf,Training + inference reported,Explicit time only,2.5 hours,"Using only 2.5 hours of motion capture data for training, our TeleGate achieves high-precision real-time teleoperation across diverse dynamic Although Reinforcement Learning (RL) based ...",Explicit latency/rate,50Hz; 500Hz; 37.5Hz,"For fairness, all methods are trained and 50Hz, and the low-level PD controller runs at 500Hz.",Not found,Automatic full-text regex extraction; verify PDF for final claims.
26,Generalizing from References using a Multi-Task Reference and Goal-Driven RL Framework,Session Humanoids,11,https://www.roboticsproceedings.org/rss22/p026.pdf,Inference-side only/mostly,Not reported,Not reported,,Explicit runtime HW,onboard,"These dense, human demonstration- our hardware experiments rely on motion capture (MoCap) for based rewards provide stronger, more informative learn- global state (pose) feedback, ...",onboard; GPU,Automatic full-text regex extraction; verify PDF for final claims.
27,Now You See That: Learning End-to-End Humanoid Locomotion from Raw Pixels,Session Humanoids,16,https://www.roboticsproceedings.org/rss22/p027.pdf,Inference-side only/mostly,Not reported,Not reported,,Explicit HW + latency/rate,onboard; 50 Hz,"The policy runs entirely by step edges, which motivates future work on higher reso- onboard at 50 Hz without any fine-tuning from simulation lution ...",onboard,Automatic full-text regex extraction; verify PDF for final claims.
28,Mind Your Steps: A General Learning Framework for Accurate Humanoid Foothold Tracking,Session Humanoids,12,https://www.roboticsproceedings.org/rss22/p028.pdf,Inference-side only/mostly,Not reported,Not reported,,Explicit runtime HW,onboard,"We use the onboard presence of tracking error, this experiment successfully verifies RealSense D455 camera of the Booster T1 robot to extract that ωFT ...",embedded; onboard,Automatic full-text regex extraction; verify PDF for final claims.
29,PRIME: Physically-consistent Robotic Inertial and Motion Estimation for Legged and Humanoid Robots,Session Humanoids,9,https://www.roboticsproceedings.org/rss22/p029.pdf,Inference-side only/mostly,Not reported,Not reported,,Explicit HW + latency/rate,onboard; 1000 Hz,"The reconstructed collected using a Bertec-4060 six-axis force plate (1000 Hz, state trajectory also remains consistent with the real experi- ±0.4 N resolution).",onboard; CPU,Automatic full-text regex extraction; verify PDF for final claims.
30,HiWET: Hierarchical World-Frame End-Effector Tracking for Long-Horizon Humanoid Loco-Manipulation,Session Humanoids,10,https://www.roboticsproceedings.org/rss22/p030.pdf,Inference-side only/mostly,Not reported,Not reported,,Explicit HW + latency/rate,onboard; 50 Hz; 10 Hz,By decoupling global task reasoning from at 50 Hz.,onboard; gpu,Automatic full-text regex extraction; verify PDF for final claims.
31,OmniXtreme: Breaking the Generality Barrier in High-Dynamic Humanoid Control,Session Humanoids,11,https://www.roboticsproceedings.org/rss22/p031.pdf,Inference-side only/mostly,Not reported,Not reported,,Explicit HW + latency/rate,onboard; 50Hz; 10ms,"In prac- motion tracking at a consistent 50Hz frequency in complex tice, this term is selectively applied to the knee joints in physical environments.",Onboard; onboard,Automatic full-text regex extraction; verify PDF for final claims.
32,Distributed Pose Graph Optimization via Continuous Riemannian Dynamics,Session Multi-robot Systems,11,https://www.roboticsproceedings.org/rss22/p032.pdf,Inference-side only/mostly,Not reported,Not reported,,Explicit latency/rate,101.9 ms,CORD requires 101.9 ms (vs.,workstation; CPU,Automatic full-text regex extraction; verify PDF for final claims.
33,Adapting Execution-Time Objectives for Multi-Robot Policies via Collaborative Flow Policy Guidance,Session Multi-robot Systems,11,https://www.roboticsproceedings.org/rss22/p033.pdf,Inference-side only/mostly,Not reported,Not reported,,Explicit HW + latency/rate,NVIDIA Jetson Orin; Jetson Orin; NVIDIA L4; 10Hz,"10Hz) on embedded hardware (NVIDIA Jetson Orin Nano, CFPG effectively guides the robots to complete the task CPU) with T = 10 steps, demonstrating ...",NVIDIA Jetson Orin; Jetson Orin; NVIDIA L4; embedded; NVIDIA; CPU; GPU,Automatic full-text regex extraction; verify PDF for final claims.
34,Rhythm: Learning Interactive Whole-Body Control for Dual Humanoids,Session Multi-robot Systems,11,https://www.roboticsproceedings.org/rss22/p034.pdf,Not reported,Not reported,Not reported,,Not reported,Not reported,,Not found,Automatic full-text regex extraction; verify PDF for final claims.
35,Teaming Linear Temporal Logic: Coordinated Behavior Specification in Heterogeneous Multi-Agent Systems,Session Multi-robot Systems,10,https://www.roboticsproceedings.org/rss22/p035.pdf,Not reported,Not reported,Not reported,,Not reported,Not reported,,embedded,Automatic full-text regex extraction; verify PDF for final claims.
36,A Closed-Loop Multi-Agent Framework for Robust Multi-Robot Manipulation,Session Multi-robot Systems,12,https://www.roboticsproceedings.org/rss22/p036.pdf,Not reported,Not reported,Not reported,,Not reported,Not reported,,desktop,Automatic full-text regex extraction; verify PDF for final claims.
37,USER: A Unified and Extensible System for Online Real-World Policy Learning in Embodied AI,Session Multi-robot Systems,11,https://www.roboticsproceedings.org/rss22/p037.pdf,Training + inference reported,Explicit HW + time,RTX 4090; 30 minutes; 24GB,"A single RTX 4090 like GPUs, cameras and space mouse), or configuration-driven is shared by both the rollout node and the training node (actor ...",Explicit runtime HW,GPU; GPUs; CPU,"These properties make real-world localization and bandwidth reduction, and streaming multipro- online policy learning not merely an algorithmic challenge, but cessor (SM)-budgeted weight synchronization ...",RTX 4090; NVIDIA A100; GPUs; GPU; CPU; NVIDIA; CUDA; workstation,Automatic full-text regex extraction; verify PDF for final claims.
38,KlaskTron: An Open-Source Platform for Physical Adversarial Multi-Agent RL,Session Multi-robot Systems,10,https://www.roboticsproceedings.org/rss22/p038.pdf,Training + inference reported,Explicit HW only,GPU,"native simulation environment enables: The system must account for non-linearities such as friction, • Massively Parallel Training: Thousands of independent the torque–speed envelope of ...",Explicit HW + latency/rate,RTX 4090; 50 Hz; 111 ms,"surface peg, together with the transient delays inherent in • Rapid Iteration: 20 million PPO steps complete in a 50 Hz control loop and ...",RTX 4090; desktop; GPU; NVIDIA,Automatic full-text regex extraction; verify PDF for final claims.
39,Event-Driven Sleep-Wake Scheduling for Heterogeneous Robots under LTL Constraints,Session Multi-robot Systems,10,https://www.roboticsproceedings.org/rss22/p039.pdf,Training + inference reported,Explicit HW only,A100,"The NL-to-LTL translator is trained on 8 A100 GPUs, using Qwen3-8B with Parameter Symbol Range / value either full-parameter or LoRA adaptation and a ...",Partial real-time/runtime clue,Not reported,The learned scheduling policy then focuses providing real-time reactive capabilities [9].,NVIDIA RTX 4090; A100; workstation; NVIDIA; GPU; GPUs,Automatic full-text regex extraction; verify PDF for final claims.
40,Interactive Knowledge Distillation with Adaptive Teachers in Cooperative Multi-Agent Reinforcement Learning,Session Multi-robot Systems,11,https://www.roboticsproceedings.org/rss22/p040.pdf,Not reported,Not reported,Not reported,,Not reported,Not reported,,Not found,Automatic full-text regex extraction; verify PDF for final claims.
41,Model-Based Diffusion Optimal Control for Multi-Robot Motion Planning,Session Multi-robot Systems,11,https://www.roboticsproceedings.org/rss22/p041.pdf,Not reported,Not reported,Not reported,,Not reported,Not reported,,NVIDIA; GPU; CPU,Automatic full-text regex extraction; verify PDF for final claims.
42,Optimal UGV–UAV Cooperative Partitioning and Inspection of Shortest Paths,Session Multi-robot Systems,10,https://www.roboticsproceedings.org/rss22/p042.pdf,Inference-side only/mostly,Not reported,Not reported,,Partial real-time/runtime clue,Not reported,"The algorithm has a time New York 39.116 54.794 50.185 45.515 complexity quadratic in the number of path edges, making it Sao Paulo 42.558 ...",Not found,Automatic full-text regex extraction; verify PDF for final claims.
43,Time-Aggregated Connectivity Maintenance for Multi-Robot Networks,Session Multi-robot Systems,11,https://www.roboticsproceedings.org/rss22/p043.pdf,Inference-side only/mostly,Not reported,Not reported,,Explicit latency/rate,66 ms; 15 ms; 67 Hz,"Updating TWA-MST takes about 66 ms, but this com- motions.",Not found,Automatic full-text regex extraction; verify PDF for final claims.
44,Safe Multi-Agent Navigation via Constrained HJB-Informed Learning,Session Multi-robot Systems,10,https://www.roboticsproceedings.org/rss22/p044.pdf,Inference-side only/mostly,Not reported,Not reported,,Explicit runtime HW,embedded; onboard,"The computational performance advantage becomes more pronounced as obstacle cost is minimal; for typical problem sizes, inference can be density intensifies, primarily due to ...",NVIDIA Jetson Orin; onboard; embedded; NVIDIA,Automatic full-text regex extraction; verify PDF for final claims.
45,TACO: Temporal Consensus Optimization for Continual Neural Mapping,Session Localization & Mapping,14,https://www.roboticsproceedings.org/rss22/p045.pdf,Inference-side only/mostly,Not reported,Not reported,,Partial real-time/runtime clue,Not reported,"We first review Co- close to zero, which corresponds to points near the estimated SLAM [45], a real-time neural implicit mapping framework surface intersection ...",CPU; GPU; NVIDIA,Automatic full-text regex extraction; verify PDF for final claims.
46,Dr-BA: Separable Optimization for Direct Radar Bundle Adjustment & Localization,Session Localization & Mapping,11,https://www.roboticsproceedings.org/rss22/p046.pdf,Inference-side only/mostly,Not reported,Not reported,,Explicit HW + latency/rate,CPU; 4 Hz; 500 ms; 200 ms; 32 GB,"While transla- Core(TM) i7-12800H CPU @ 4.8 GHz and 32 GB of RAM, tional performance is comparable to RTR, DRL-Dr-BA making it ‘real-time’ for ...",laptop; GPU; Laptop; CPU,Automatic full-text regex extraction; verify PDF for final claims.
47,Efficient Feature-Free Initialization for Monocular Visual-Inertial Systems Using A Feed-Forward 3D Model,Session Localization & Mapping,11,https://www.roboticsproceedings.org/rss22/p047.pdf,Inference-side only/mostly,Not reported,Not reported,,Explicit HW + latency/rate,GPU; 30 Hz; 200 Hz,"Incorporating scale provides RGB images at 30 Hz and consumer-grade IMU constraints improves both accuracy and SR, and yields only measurements at 200 Hz.",GPU,Automatic full-text regex extraction; verify PDF for final claims.
48,UP-Fuse: Uncertainty-guided LiDAR-Camera Fusion for 3D Panoptic Segmentation,Session Localization & Mapping,9,https://www.roboticsproceedings.org/rss22/p048.pdf,Training + inference reported,Explicit HW only,GPU,Robustness Analysis NVIDIA A40 GPU with batch size 1 following the evaluation protocol used by IAL [29].,Explicit latency/rate,5.7 FPS; 0.9 FPS,"UP-Fuse (Ours) LC 80.7 84.3 90.3 89.0 83.0 77.0 5.7 Crucially, the competitive performance of UP-Fuse is achieved IAL-PieAug [29] LC 82.3 84.7 91.5 ...",NVIDIA; GPU,Automatic full-text regex extraction; verify PDF for final claims.
49,BIEVR-LIO: Robust LiDAR-Inertial Odometry through Bump-Image-Enhanced Voxel Maps,Session Localization & Mapping,11,https://www.roboticsproceedings.org/rss22/p049.pdf,Inference-side only/mostly,Not reported,Not reported,,Explicit HW + latency/rate,onboard; 1 ms,The generation and export of this elevation map takes approximately 1 ms.,CPU; onboard,Automatic full-text regex extraction; verify PDF for final claims.
50,Continuum Robot Localization using Distributed Time-of-Flight Sensors,Session Localization & Mapping,11,https://www.roboticsproceedings.org/rss22/p050.pdf,Inference-side only/mostly,Not reported,Not reported,,Explicit latency/rate,15 Hz; 120 Hz; 20 Hz,A small section of most 15 Hz.,TPU; onboard,Automatic full-text regex extraction; verify PDF for final claims.
51,VGGT-SLAM 2.0: Real-time Dense Feed-forward Scene Reconstruction,Session Localization & Mapping,11,https://www.roboticsproceedings.org/rss22/p051.pdf,Inference-side only/mostly,Not reported,Not reported,,Explicit HW + latency/rate,Jetson Thor; 6.3 FPS; 8 ms; 368 ms; 7.2 FPS; 8.4 FPS; 6.9 FPS,"submap of size 16 frames using a 3090 GPU if no open-set To demonstrate real-time usage of VGGT-SLAM 2.0 for CLIP vectors are computed, ...",Jetson Thor; RTX 4090; onboard; GPU,Automatic full-text regex extraction; verify PDF for final claims.
52,SuperMap: A Spatio-Temporal SLAM System for Visual-Language Navigation,Session Localization & Mapping,10,https://www.roboticsproceedings.org/rss22/p052.pdf,Inference-side only/mostly,Not reported,Not reported,,Explicit latency/rate,3 Hz; 5 Hz; 10 Hz; 1 Hz,"Furthermore, our current pipeline relies on a pre- at 3 Hz and 5 Hz, respectively.",NVIDIA RTX 4090; onboard; CPU; NVIDIA; Laptop; GPU; Onboard,Automatic full-text regex extraction; verify PDF for final claims.
53,Provably Guaranteed Polytopic Uncertainty Quantification for SLAM,Session Localization & Mapping,10,https://www.roboticsproceedings.org/rss22/p053.pdf,Inference-side only/mostly,Not reported,Not reported,,Partial real-time/runtime clue,Not reported,"(ii) Real-time performance: (pl , ql ), we transform pl using the relative pose (R, t) and While tractable, the current algorithms are still ...",onboard; CPU,Automatic full-text regex extraction; verify PDF for final claims.
54,CoRAL: Contact-Rich Adaptive LLM-based Control for Robotic Manipulation,Session Manipulation 2,11,https://www.roboticsproceedings.org/rss22/p054.pdf,Training + inference reported,Explicit HW only,T4,"We believe this hybrid paradigm—coupling large- framework also maintained robust performance on contact- scale, pre-trained knowledge with rigorous real-time con- critical tasks (T1, T4, ...",Explicit HW + latency/rate,T4; 1Hz,"A procedural helper then constructs an ellipsoid • Tier 3 (Reasoning Level): The LLM operates asyn- E(cref , A) centered at cref , with ...",T4,Automatic full-text regex extraction; verify PDF for final claims.
55,GHOST: Hierarchical Sub-Goal Policies for Generalizing Robot Manipulation,Session Manipulation 2,10,https://www.roboticsproceedings.org/rss22/p055.pdf,Not reported,Not reported,Not reported,,Not reported,Not reported,,Not found,Automatic full-text regex extraction; verify PDF for final claims.
56,Robo3R: Enhancing Robotic Manipulation with Accurate Feed-Forward 3D Reconstruction,Session Manipulation 2,11,https://www.roboticsproceedings.org/rss22/p056.pdf,Inference-side only/mostly,Not reported,Not reported,,Explicit latency/rate,10 Hz,The control frequency of the are approximately 8× and 5× lower than those of the best robotic system is set to 10 Hz.,NVIDIA RTX 4090; NVIDIA,Automatic full-text regex extraction; verify PDF for final claims.
57,Semantically Structured Mixture-of-Experts for Compositional Robotic Manipulation,Session Manipulation 2,11,https://www.roboticsproceedings.org/rss22/p057.pdf,Training + inference reported,Explicit HW + time,NVIDIA RTX 4090; 4 hours; 3 days,"In our implementation, SMoDP takes approximately 4 hours to train on a single NVIDIA RTX 4090.",Explicit latency/rate,121 ms,"Data Utilization Efficiency the average inference time is about 121 ms per action chunk, which is comparable to standard MoE diffusion policies.",NVIDIA RTX 4090; L4; NVIDIA,Automatic full-text regex extraction; verify PDF for final claims.
58,Learning Native Continuation for Action Chunking Flow Policies,Session Manipulation 2,11,https://www.roboticsproceedings.org/rss22/p058.pdf,Inference-side only/mostly,Not reported,Not reported,,Partial real-time/runtime clue,Not reported,"quires chunk continuation to be a native, learned property of Real-Time Chunking (RTC) [8] was proposed to mitigate the policy.",Not found,Automatic full-text regex extraction; verify PDF for final claims.
59,DexEvolve: Evolutionary Optimization for Robust and Diverse Dexterous Grasp Synthesis,Session Manipulation 2,11,https://www.roboticsproceedings.org/rss22/p059.pdf,"Hardware mentioned, cost not tied to train/infer",Not reported,Not reported,,Not reported,Not reported,,NVIDIA A6000; GPU; NVIDIA; GPUs,Automatic full-text regex extraction; verify PDF for final claims.
60,TACTIC: Tactile and Vision Conditioned Contact-Centric Control for Whole-Arm Manipulation,Session Manipulation 2,11,https://www.roboticsproceedings.org/rss22/p060.pdf,Inference-side only/mostly,Not reported,Not reported,,Explicit latency/rate,12 Hz; 800 Hz,"At the planning layer, an MPPI loop runs at ∼12 Hz.",Not found,Automatic full-text regex extraction; verify PDF for final claims.
61,Distributionally Robust Control via Stein Variational Inference for Contact-rich Manipulation,Session Manipulation 2,11,https://www.roboticsproceedings.org/rss22/p061.pdf,Inference-side only/mostly,Not reported,Not reported,,Explicit runtime HW,RTX 3080,We demonstrate accurate modeling RTX 3080) compared to the CPU (AMD Ryzen Threadripper of task-aware posterior via Stein variational inference and 3960X 24-Core Processor).,GeForce RTX 3080; RTX 3080; cpu; gpu; CPU; GPU; NVIDIA,Automatic full-text regex extraction; verify PDF for final claims.
62,PolaRiS: Scalable Real-to-Sim Evaluations for Generalist Robot Policies,Session Manipulation 2,12,https://www.roboticsproceedings.org/rss22/p062.pdf,Training-side only/mostly,Explicit time only,20 minutes,"The total human effort required for creating a new eval- uation environment is typically less than 20 minutes, and the total wall time for ...",Not reported,Not reported,,embedded,Automatic full-text regex extraction; verify PDF for final claims.
63,MVP-Nav: Multi-layer Value Map Planner Navigator,Session Navigation 1,12,https://www.roboticsproceedings.org/rss22/p063.pdf,Inference-side only/mostly,Not reported,Not reported,,Explicit runtime HW,onboard,Mf loor are isolated and passed to the low-level execution loop as a benchmark for real-time semantic re-projection verifica- Algorithm 1 MVP-Nav: Recursive Navigation ...,onboard; workstation; NVIDIA; GPU; CPU; server,Automatic full-text regex extraction; verify PDF for final claims.
64,Self-Supervised Bootstrapping of Action-Predictive Embodied Reasoning,Session Navigation 1,41,https://www.roboticsproceedings.org/rss22/p064.pdf,Training + inference reported,Explicit HW only,NVIDIA A100; NVIDIA H100; 40GB,The prior-posterior model Mpq is trained on 64 NVIDIA A100 GPUs (40GB) with a total batch size of 512.,Explicit HW + latency/rate,NVIDIA H100; 2Hz; 3 seconds per step,"We follow [85, 86] and use 2 seconds of history to predict 3-second of future trajectories at a 2Hz frequency.",NVIDIA A100; NVIDIA H100; GPU; NVIDIA; gpu; GPUs,Automatic full-text regex extraction; verify PDF for final claims.
65,D-Nav: End-to-End Dynamic UAV Navigation with Dual-Resolution Motion Awareness,Session Navigation 1,10,https://www.roboticsproceedings.org/rss22/p065.pdf,Training + inference reported,Explicit HW only,NVIDIA A100,Training （C） Medium Dynamic （D） Complex Dynamic and inference are performed on an NVIDIA A100 GPU and an Intel 8575C CPU.,Explicit HW + latency/rate,NVIDIA A100; 20 Hz; 37.06 ms,"Training uses a batch size of 256, a learning rate of 5 × 10−4 , and an episode horizon of 1500 steps at a ...",NVIDIA A100; Jetson NX; NVIDIA; GPU; CPU; ONBOARD,Automatic full-text regex extraction; verify PDF for final claims.
66,Learning When to Jump for Off-road Navigation,Session Navigation 1,11,https://www.roboticsproceedings.org/rss22/p066.pdf,Inference-side only/mostly,Not reported,Not reported,,Explicit latency/rate,10 Hz; 6 Hz,Since absolute values LiDAR-inertial odometry at 10 Hz.,Jetson Nano; onboard; edge device; NVIDIA; CUDA,Automatic full-text regex extraction; verify PDF for final claims.
67,OpenFrontier: General Navigation with Visual-Language Grounded Frontiers,Session Navigation 1,11,https://www.roboticsproceedings.org/rss22/p067.pdf,"Hardware mentioned, cost not tied to train/infer",Not reported,Not reported,,Not reported,Not reported,,RTX 4090; GPU; onboard,Automatic full-text regex extraction; verify PDF for final claims.
68,LongNav-R1: Horizon-Adaptive Multi-Turn RL for Long-Horizon VLA Navigation,Session Navigation 1,12,https://www.roboticsproceedings.org/rss22/p068.pdf,Training + inference reported,Explicit HW only,A100,"Both SFT and RL stages were trained JHAPO (θ) = E{τ } i B i min ρit Anorm,i t , clip(ρit , 1 − ...",Explicit HW + latency/rate,A100; 5 FPS,"Achieving about 5 FPS, the model can be deployed in practical real-world Fig.",A100; embedded; GPUs; server,Automatic full-text regex extraction; verify PDF for final claims.
69,SanD-Planner: Sample-Efficient Diffusion Planner in B-Spline Space for Robust Local Navigation,Session Navigation 1,12,https://www.roboticsproceedings.org/rss22/p069.pdf,Training + inference reported,Explicit HW only,1× RTX3090,"Method Training Data Training Time iPlanner 30k depth images 1× RTX3090 Ti, ≈ 20h ViPlanner 80k start-goal pairs 1× RTX3090, ≈ 6h NavDP 200k ...",Explicit HW + latency/rate,onboard; 8Hz,"Notably, despite training on only 500 trajec- DPM-Solver++ [56], achieving an operational frequency of tories (≈ 0.25% of the 200k trajectories used by NavDP), ...",1× RTX3090; 32× A100; RTX4090; onboard; desktop; NVIDIA; GPU; laptop,Automatic full-text regex extraction; verify PDF for final claims.
70,"TravSUITE: Traversability via Self-Supervised, Uncertainty-Aware IRL and Terrain Estimation",Session Navigation 1,13,https://www.roboticsproceedings.org/rss22/p070.pdf,Inference-side only/mostly,Not reported,Not reported,,Explicit HW + latency/rate,CPU; GPU; 10hz; 5hz,"↑ state estimates, we are able to run our VFM voxel mapper to All Test 1 1.3936 0.1159 generate inertial-frame VFM voxel maps at ...",laptop; CPU; Nvidia; GPU,Automatic full-text regex extraction; verify PDF for final claims.
71,"HumanFlow - Diffusion-Driven MAV Navigation Among Humans via Tightly-Coupled Motion Tracking, Forecasting, and Control",Session Navigation 1,13,https://www.roboticsproceedings.org/rss22/p071.pdf,Inference-side only/mostly,Not reported,Not reported,,Explicit HW + latency/rate,onboard; 10 fps,"We use the SMPL-X neutral body model plied with probability 20%, masking contiguous body regions and downsample all sequences to 10 fps.",NVIDIA RTX A4000; onboard; NVIDIA; GPU,Automatic full-text regex extraction; verify PDF for final claims.
72,Emergence of Human to Robot Transfer in Vision-Language-Action Models,Session Imitation learning 1,14,https://www.roboticsproceedings.org/rss22/p072.pdf,Training-side only/mostly,Explicit time only,7.45 hours,"Our analysis suggests that (7.45 hours) on a UR5 robot and evaluated transfer to an arx with sufficiently diverse pretraining, co-training alone can robot.",Not reported,Not reported,,Not found,Automatic full-text regex extraction; verify PDF for final claims.
73,PointACT: Vision-Language-Action Models with Multi-Scale Point-Action Interaction,Session Imitation learning 1,13,https://www.roboticsproceedings.org/rss22/p073.pdf,Training-side only/mostly,Explicit HW only,H100,"We use the same 10 RLBench tabletop manipula- Across our experimental benchmarks, the model is trained tion tasks as HybridVLA [42], including Close box, ...",Not reported,Not reported,,H100; laptop; NVIDIA; GPUs,Automatic full-text regex extraction; verify PDF for final claims.
74,Steerable Vision-Language-Action Policies for Embodied Reasoning and Hierarchical Control,Session Imitation learning 1,14,https://www.roboticsproceedings.org/rss22/p074.pdf,Not reported,Not reported,Not reported,,Not reported,Not reported,,NVIDIA,Automatic full-text regex extraction; verify PDF for final claims.
75,$ extcolor{Maroon}{ extbf{ exttt{OAT}}}$: Ordered Action Tokenization,Session Imitation learning 1,13,https://www.roboticsproceedings.org/rss22/p075.pdf,Inference-side only/mostly,Not reported,Not reported,,Explicit runtime HW,NVIDIA A100,Results report mean success rates with in milliseconds (ms) per inference on one NVIDIA A100.,NVIDIA A100; NVIDIA,Automatic full-text regex extraction; verify PDF for final claims.
76,Beyond Binary Success: Sample-Efficient and Statistically Rigorous Robot Policy Comparison,Session Imitation learning 1,13,https://www.roboticsproceedings.org/rss22/p076.pdf,Not reported,Not reported,Not reported,,Not reported,Not reported,,Not found,Automatic full-text regex extraction; verify PDF for final claims.
77,mimic-video: Video-Action Models for Generalizable Robot Control Beyond VLAs,Session Imitation learning 1,14,https://www.roboticsproceedings.org/rss22/p077.pdf,Inference-side only/mostly,Not reported,Not reported,,Explicit HW + latency/rate,RTX 4090; 470 ms,"RTX 4090 1.3 s H200 470 ms We thank Benjamin Estermann, Erik Bauer, German Ro- driguez, Sigmund Hennum Høeg, Irvin Totic, and Benedict Wüest ...",RTX 4090; embedded; GPU,Automatic full-text regex extraction; verify PDF for final claims.
78,TouchGuide: Inference-Time Steering of Visuomotor Policies via Touch Guidance,Session Imitation learning 1,13,https://www.roboticsproceedings.org/rss22/p078.pdf,Inference-side only/mostly,Not reported,Not reported,,Explicit runtime HW,onboard; CPU,An onboard RK3576 CPU runs gripper that collects tactile data without relying on proprio- the XenseSDK [62] to compute this force field online from ...,CPU; onboard,Automatic full-text regex extraction; verify PDF for final claims.
79,Visual Verification Enables Inference-time Steering and Autonomous Policy Improvement,Session Imitation learning 1,12,https://www.roboticsproceedings.org/rss22/p079.pdf,Inference-side only/mostly,Not reported,Not reported,,Explicit latency/rate,1 ms; 15 Hz,Sample diverse candidates incurs negligible overhead (< 1 ms) and runs online.,RTX 5090; TPU; workstation; NVIDIA; GPU,Automatic full-text regex extraction; verify PDF for final claims.
80,Set-Supervised Diffusion Policy: Learning Action-Chunking Diffusion through Corrections,Session Imitation learning 1,11,https://www.roboticsproceedings.org/rss22/p080.pdf,Training-side only/mostly,Explicit HW + time,GPU; 12 hours,"for 12 hours with an Nvidia A40 GPU, after which each Additionally, SDP requires sampling desired action-chunks checkpoint is further trained for an additional ...",Not reported,Not reported,,Nvidia; GPU,Automatic full-text regex extraction; verify PDF for final claims.
81,X-DiffVLA: X-Embodied Diffusion Action Heads for Vision-Language-Action Models,Session VLA Models,11,https://www.roboticsproceedings.org/rss22/p081.pdf,Not reported,Not reported,Not reported,,Not reported,Not reported,,Not found,Automatic full-text regex extraction; verify PDF for final claims.
82,SkillVLA: Tackling Combinatorial Diversity in Dual-Arm Manipulation via Skill Reuse,Session VLA Models,12,https://www.roboticsproceedings.org/rss22/p082.pdf,Not reported,Not reported,Not reported,,Not reported,Not reported,,Not found,Automatic full-text regex extraction; verify PDF for final claims.
83,BagelVLA: Enhancing Long-Horizon Manipulation via Interleaved Vision-Language-Action Generation,Session VLA Models,22,https://www.roboticsproceedings.org/rss22/p083.pdf,Inference-side only/mostly,Not reported,Not reported,,Explicit HW + latency/rate,RTX 5090; 40Hz; 72Hz,This mechanism enables keyframe input: BagelVLA to infer at a speed of 1.2 seconds per chunk on a  τ =0 τ 1 0 ...,RTX 5090; GPU; NVIDIA,Automatic full-text regex extraction; verify PDF for final claims.
84,GuidedVLA: Specifying Task-Relevant Factors via Plug-and-Play Action Attention Specialization,Session VLA Models,14,https://www.roboticsproceedings.org/rss22/p084.pdf,Not reported,Not reported,Not reported,,Not reported,Not reported,,Not found,Automatic full-text regex extraction; verify PDF for final claims.
85,AR-VLA: Autoregressive Action Expert for Vision–Language–Action Models,Session VLA Models,11,https://www.roboticsproceedings.org/rss22/p085.pdf,Inference-side only/mostly,Not reported,Not reported,,Explicit latency/rate,29ms; 70ms,"X-axis in seconds, y-axis in rad 29ms per action control frequency even when the perception backbone is capped at 70ms per frame.",Not found,Automatic full-text regex extraction; verify PDF for final claims.
86,Towards Long-Lived Robots: Continual Learning VLA Models via Reinforcement Fine-Tuning,Session VLA Models,12,https://www.roboticsproceedings.org/rss22/p086.pdf,Not reported,Not reported,Not reported,,Not reported,Not reported,,NVIDIA; GPUs,Automatic full-text regex extraction; verify PDF for final claims.
87,,Session VLA Models,13,https://www.roboticsproceedings.org/rss22/p087.pdf,Training + inference reported,Explicit HW + time,H100; 13 hours,"Pre-training and learning from experience iteration varies with task and dataset size; in our experiments, The data mixture used in the pre-training phase of ...",Explicit HW + latency/rate,H100; 150 ms,"On an H100 machine, end-to-end policy the per-task improvement threshold ↼ϱ as the 30th percentile inference latency is approximately 100-150 ms.",H100; GPU,Automatic full-text regex extraction; verify PDF for final claims.
88,StereoVLA: Enhancing Vision-Language-Action Models with Stereo Vision,Session VLA Models,13,https://www.roboticsproceedings.org/rss22/p088.pdf,Training + inference reported,Explicit HW only,GPUs,The final model is trained for 300k steps 3) Baselines: We select baselines to support two comple- on 32 NVIDIA H800 GPUs with a ...,Explicit latency/rate,14 ms; 54 ms; 27 ms; 70ms,"arXiv only 14 ms, reducing computation by 54 ms.",NVIDIA; GPUs; GPU,Automatic full-text regex extraction; verify PDF for final claims.
89,RLux-VLA: A Unified and Efficient Framework for Reinforcement Learning of Vision-Language-Action Models,Session VLA Models,12,https://www.roboticsproceedings.org/rss22/p089.pdf,Training + inference reported,Explicit HW only,GPU; CPU; GPUs,"To this end, we introduce a lightweight automatic GPU placement algorithm that combines runtime profiling with allocation optimization.",Explicit runtime HW,GPU,but it leads to GPU underutilization due to inter-component This scheduling allows Simulator and Generation to run dependencies.,GPU; CPU; GPUs,Automatic full-text regex extraction; verify PDF for final claims.
90,Betting for Sim-to-Real Performance Evaluation,Session Datasets and Benchmarks,12,https://www.roboticsproceedings.org/rss22/p090.pdf,Not reported,Not reported,Not reported,,Not reported,Not reported,,Not found,Automatic full-text regex extraction; verify PDF for final claims.
91,MolmoSpaces: Large-Scale Open Ecosystem for Robot Manipulation and Navigation,Session Datasets and Benchmarks,22,https://www.roboticsproceedings.org/rss22/p091.pdf,Inference-side only/mostly,Not reported,Not reported,,Partial real-time/runtime clue,Not reported,Dataset Total Pickupable Non-Pick Articulated Thor Objaverse MSCrafted MSProc MSProcObja MSMultiType ∼30 ∼72 ∼105 ∼150 ∼14 ∼34 ∼47 ∼61 ∼7 ∼31 ∼50 ∼77 ∼9 ...,GPU; CPU; NVIDIA; laptop; server; Laptop,Automatic full-text regex extraction; verify PDF for final claims.
92,EgoVerse: An Egocentric Human Dataset for Robot Learning from Around the World,Session Datasets and Benchmarks,21,https://www.roboticsproceedings.org/rss22/p092.pdf,Training + inference reported,Explicit HW + time,Jetson Orin; 2hr; 8hr,"21 root=f""/tmp/egoverse/{episode_hash}"", 22 mode=""train"", The controller runs on the Jetson Orin NX which is built 23 ) in to the G1 robot.",Explicit latency/rate,30 FPS,EgoVerse-I is designed to capture a wide variety of records egocentric RGB video using the ultrawide camera at demonstration-style tasks and behaviors across extremely ...,Jetson Orin; embedded; NVIDIA; onboard; server,Automatic full-text regex extraction; verify PDF for final claims.
93,GS-Playground: A High-Throughput Photorealistic Simulator for Vision-Informed Robot Learning,Session Datasets and Benchmarks,12,https://www.roboticsproceedings.org/rss22/p093.pdf,Training + inference reported,Explicit HW only,NVIDIA A100; RTX 4090,This perfor- Render Throughput Comparison (Ours vs IsaacSim) Ours / NVIDIA A100 Ours / RTX 6000 Ada Gen Ours / RTX 4090 Isaac / ...,Explicit HW + latency/rate,NVIDIA A100; RTX 4090; 03 FPS; 1.71 FPS; 000 FPS,This perfor- Render Throughput Comparison (Ours vs IsaacSim) Ours / NVIDIA A100 Ours / RTX 6000 Ada Gen Ours / RTX 4090 Isaac / ...,NVIDIA RTX 4090; NVIDIA RTX 5090; NVIDIA A100; RTX 4090; A100; NVIDIA RTX 3090; CPU; GPU; NVIDIA; GPUs; CUDA; onboard,Automatic full-text regex extraction; verify PDF for final claims.
94,"High Fidelity Capture, Reconstruction, and Transfer of Human Demonstrations for Robot-Assisted Bathing",Session Datasets and Benchmarks,11,https://www.roboticsproceedings.org/rss22/p094.pdf,Inference-side only/mostly,Not reported,Not reported,,Explicit latency/rate,120 fps; 6 Hz; 120 Hz,Frame Number (120 fps) Low High Low High Fig.,embedded,Automatic full-text regex extraction; verify PDF for final claims.
95,RoboVista: Evaluating Vision Language Models for Diverse Robot Applications,Session Datasets and Benchmarks,11,https://www.roboticsproceedings.org/rss22/p095.pdf,Inference-side only/mostly,Not reported,Not reported,,Explicit runtime HW,onboard,Each question is grounded in robot-visible or onboard 2 Application Scenes Robots (a) Perception (b) High-level Decision Making (c) Motion/Action Estimator State Estimator Meta-Policy ...,onboard; Onboard,Automatic full-text regex extraction; verify PDF for final claims.
96,RoboLab: A High-Fidelity Simulation Benchmark for Analysis of Task Generalist Policies,Session Datasets and Benchmarks,10,https://www.roboticsproceedings.org/rss22/p096.pdf,Inference-side only/mostly,Not reported,Not reported,,Explicit latency/rate,10 Hz,"Metrics for Evaluation We employ an adaptive cutoff frequency ϖc = min(10 Hz, ϖϑ ), While task success rate remains a fundamental metric, prior ...",nvidia; NVIDIA; GPU,Automatic full-text regex extraction; verify PDF for final claims.
97,LIBERO-X: Robustness Litmus for Vision-Language-Action Models,Session Datasets and Benchmarks,10,https://www.roboticsproceedings.org/rss22/p097.pdf,Training + inference reported,Explicit HW only,L4,Multi-level Evaluation Multi-label Evaluation Name Simulator Date Training Data Testing Data L1 L2 L3 L4 L5 IT SC SR OA RoboMIND [34] Isaac Sim ...,Explicit latency/rate,20 Hz,"To ensure reproducibility, strict protocols were followed: state-action sequences were we recorded the initial state configurations, including the recorded at 20 Hz, where the ...",L4; NVIDIA,Automatic full-text regex extraction; verify PDF for final claims.
98,OopsieVerse: A Safety Benchmark with Damage-Aware Simulation for Robot Manipulation,Session Datasets and Benchmarks,11,https://www.roboticsproceedings.org/rss22/p098.pdf,Inference-side only/mostly,Not reported,Not reported,,Partial real-time/runtime clue,Not reported,"In contrast, policies trained on data leveraging the policy to complete tasks while minimizing damage across OOPSIEVERSE’s damage signal—whether through real-time all modalities.",Nvidia; laptop; NVIDIA; nvidia,Automatic full-text regex extraction; verify PDF for final claims.
99,FlashSAC: Fast and Stable Off-Policy Reinforcement Learning for High-Dimensional Robot Control,Session Control & Dynamics,14,https://www.roboticsproceedings.org/rss22/p099.pdf,Training + inference reported,Explicit time only,20 minutes; 3 hours; 4 hours; 20 hours,"Scaling Ablation for Faster Training 20 minutes of training, whereas PPO requires about 3 hours to reach comparable performance.",Explicit runtime HW,RTX 5090,"Exploration We evaluate F LASH SAC on a diverse suite of robotic control tasks, measuring both asymptotic performance and wall-clock Off-policy RL can decouple ...",RTX 5090; GPU; CPU,Automatic full-text regex extraction; verify PDF for final claims.
100,Realizing Robotic Swimming with Unified Fluid-Robot Multiphysics,Session Control & Dynamics,12,https://www.roboticsproceedings.org/rss22/p100.pdf,Inference-side only/mostly,Not reported,Not reported,,Explicit latency/rate,1 hz; 100 Hz,"6, we simulate a swimming pool of 1 hz with a wavelength equal to the length of the robot body.",onboard; CPU; NVIDIA; GPU,Automatic full-text regex extraction; verify PDF for final claims.
101,Grounding Discrete-Time Joint-Level Acceleration Bounds in Voltage-Constrained Actuation,Session Control & Dynamics,10,https://www.roboticsproceedings.org/rss22/p101.pdf,Inference-side only/mostly,Not reported,Not reported,,Partial real-time/runtime clue,Not reported,We rely on two mild assumptions to enable real-time evaluation of acceleration bounds from voltage constraints: B.,Not found,Automatic full-text regex extraction; verify PDF for final claims.
102,cuNRTO: GPU-Accelerated Nonlinear Robust Trajectory Optimization,Session Control & Dynamics,11,https://www.roboticsproceedings.org/rss22/p102.pdf,Training + inference reported,Explicit HW only,CPU; GPU,"As single-core CPU the Nonlinear Robust Trajectory Optimization (NRTO) frame- performance has largely plateaued, the robotics community work [19].",Explicit HW + latency/rate,GPU; 25 ms,All experiments use time- observe 100% constraint satisfaction across all reported τ val- step ∆k = 25 ms for both optimization and rollout.,NVIDIA A100; CUDA; CPU; GPU; workstation; NVIDIA,Automatic full-text regex extraction; verify PDF for final claims.
103,Safe Large-Scale Robust Nonlinear MPC in Milliseconds via Reachability-Constrained System Level Synthesis on the GPU,Session Control & Dynamics,12,https://www.roboticsproceedings.org/rss22/p103.pdf,Training + inference reported,Explicit HW only,GPU,"This optimization is likewise GPU-parallelized via PASs, yielding closed-loop response matrices !",Explicit latency/rate,50 Hz; 16ms; 73 ms,The robot successfully navigates robustly around an obstacle in real-time at 50 Hz.,NVIDIA RTX 4090; GPU; CPU; GPUs; embedded; desktop; NVIDIA,Automatic full-text regex extraction; verify PDF for final claims.
104,Bellman Value Decomposition for Task Logic in Safe Optimal Control,Session Control & Dynamics,13,https://www.roboticsproceedings.org/rss22/p104.pdf,Not reported,Not reported,Not reported,,Not reported,Not reported,,embedded,Automatic full-text regex extraction; verify PDF for final claims.
105,asRoBallet: Closing the Sim2Real Gap via Friction-Aware Reinforcement Learning for Underactuated Spherical Dynamics,Session Control & Dynamics,10,https://www.roboticsproceedings.org/rss22/p105.pdf,Training + inference reported,Explicit HW + time,workstation; CPU; 2.5 hours,"Training was performed on a per dimension, yielding workstation with an Intel Core i9-13900KF CPU; the wall- clock training time was approximately 2.5 hours.",Explicit HW + latency/rate,Jetson Orin; 1.2 ms; 100 Hz,"The average latency was approximately 1.2 ms under common us- age conditions, measured over a 100 s communication session at 100 Hz, as shown ...",Jetson Orin; workstation; CPU; embedded,Automatic full-text regex extraction; verify PDF for final claims.
106,Stabilizing 3D Continuum-Arm Rollouts via Equilibrium Anchoring and Feature-Lifted Residual Learning,Session Control & Dynamics,10,https://www.roboticsproceedings.org/rss22/p106.pdf,Inference-side only/mostly,Not reported,Not reported,,Explicit latency/rate,1 Hz; 0.25 Hz; 0.5 Hz,to 0.5 and 1 Hz while keeping the PWM level fixed.,embedded,Automatic full-text regex extraction; verify PDF for final claims.
107,Learning-Based Adaptive Control for Surgical Robotic Exposure Task on Deformable Tissues,Session Control & Dynamics,11,https://www.roboticsproceedings.org/rss22/p107.pdf,Inference-side only/mostly,Not reported,Not reported,,Partial real-time/runtime clue,Not reported,"The dataset was partitioned into Moreover, the model exhibits lower error under small displace- training and validation sets in a 9:1 ratio, and additional ...",Not found,Automatic full-text regex extraction; verify PDF for final claims.
108,Variance-Reduced Model Predictive Path Integral via Quadratic Model Approximation,Session Control & Dynamics,11,https://www.roboticsproceedings.org/rss22/p108.pdf,Inference-side only/mostly,Not reported,Not reported,,Explicit latency/rate,50 ms,Using the same parameters step of 50 ms.,Not found,Automatic full-text regex extraction; verify PDF for final claims.
109,Tempered Sequential Monte Carlo for Trajectory and Policy Optimization with Differentiable Dynamics,Session Control & Dynamics,12,https://www.roboticsproceedings.org/rss22/p109.pdf,Training + inference reported,Explicit HW only,GPU,"While TSMC is naturally parallelizable across particles, it can be computationally and memory intensive: differentiating through rollouts can be slow, and maintaining many particles ...",Explicit runtime HW,CPU,"(25) λ restricting x0 to a finite set of initial samples, we update the auxiliary batch using a Metropolis–Hastings refresh can be slow, we ...",CPU; workstation; NVIDIA; GPUs; GPU,Automatic full-text regex extraction; verify PDF for final claims.
110,TinySDP: Real Time Semidefinite Optimization for Certifiable and Agile Edge Robotics,Session Control & Dynamics,11,https://www.roboticsproceedings.org/rss22/p110.pdf,Inference-side only/mostly,Not reported,Not reported,,Explicit HW + latency/rate,onboard; 25 Hz; 14.842 ms; 25.2 ms; 40 ms; 500 Hz,The solver runs onboard at 25 Hz with a 20-step hori- zon.,embedded; onboard,Automatic full-text regex extraction; verify PDF for final claims.
111,High Precision Hydraulic Excavator Control for Heavy Duty Grading,Session Control & Dynamics,10,https://www.roboticsproceedings.org/rss22/p111.pdf,Inference-side only/mostly,Not reported,Not reported,,Explicit HW + latency/rate,onboard; 10 Hz,It maps 10 Hz with horizon length 𝑁 = 20.,onboard; Onboard,Automatic full-text regex extraction; verify PDF for final claims.
112,Automated Synthesis of Facial Mechanisms for Conversational Animatronic Robots,Session HRI,14,https://www.roboticsproceedings.org/rss22/p112.pdf,Inference-side only/mostly,Not reported,Not reported,,Explicit HW + latency/rate,Jetson AGX; 30 Hz; 3.19 FPS,"These examples demonstrate that nicates via the I2 C protocol with cascaded PCA9685 PWM our automatic design flow can handle large geometric vari- drivers, ...",Jetson AGX; Onboard; NVIDIA; onboard,Automatic full-text regex extraction; verify PDF for final claims.
113,Social Human Robot Embodied Conversation (SHREC) Dataset: Benchmarking Foundational Models’ Social Reasoning,Session HRI,13,https://www.roboticsproceedings.org/rss22/p113.pdf,Inference-side only/mostly,Not reported,Not reported,,Explicit latency/rate,1 Hz,"of current VLM evaluation (1 Hz frame sampling), which can under-represent fine-grained timing cues (e.g., micro-pauses, C.",Not found,Automatic full-text regex extraction; verify PDF for final claims.
114,CANINE: Coaching Visually Impaired Users for Interactive Navigation with a Robot Guide Dog,Session HRI,13,https://www.roboticsproceedings.org/rss22/p114.pdf,Inference-side only/mostly,Not reported,Not reported,,Explicit runtime HW,Jetson AGX; Jetson coaching,"Given the observation quadruped robot equipped with Jetson AGX Orin for onboard trajectory, we uniformly sample key frames and apply ht = computation, Hesai ...",Jetson Orin; Jetson AGX; Jetson coaching; onboard,Automatic full-text regex extraction; verify PDF for final claims.
115,QuickLAP: Quick Language–Action Preference Learning for Autonomous Driving Agents,Session HRI,13,https://www.roboticsproceedings.org/rss22/p115.pdf,Inference-side only/mostly,Not reported,Not reported,,Partial real-time/runtime clue,Not reported,"Our feedback, robustly handles ambiguity, and supports real-time method fuses it with physical feedback in real time, yielding a adaptation.",CPU,Automatic full-text regex extraction; verify PDF for final claims.
116,Robots That Know What to Ask: Recovering Misaligned Rewards through Targeted Explanations,Session HRI,12,https://www.roboticsproceedings.org/rss22/p116.pdf,Not reported,Not reported,Not reported,,Not reported,Not reported,,laptop,Automatic full-text regex extraction; verify PDF for final claims.
117,"Embodiment Meets Environment: Toward Context-Aware, Safe Physical Caregiving Robots",Session HRI,12,https://www.roboticsproceedings.org/rss22/p117.pdf,Inference-side only/mostly,Not reported,Not reported,,Explicit runtime HW,GPU; CPU; 32GB,"In the collaborative cooking has negligible overhead (1.5 ± 0.3) × 10−4 s, remaining under scenario, our method maintains high ratings across all di- ...",workstation; GPU; CPU,Automatic full-text regex extraction; verify PDF for final claims.
118,Beyond Failure Recovery: An Engagement-Aware Human-in-the-loop Framework for Robotic Systems,Session HRI,11,https://www.roboticsproceedings.org/rss22/p118.pdf,Not reported,Not reported,Not reported,,Not reported,Not reported,,Not found,Automatic full-text regex extraction; verify PDF for final claims.
119,Knowing When Not to Help: Active Estimation of Human Reachability for Just-Right Robot Assistance,Session HRI,12,https://www.roboticsproceedings.org/rss22/p119.pdf,Inference-side only/mostly,Not reported,Not reported,,Explicit latency/rate,1 Hz,Inference ran in real active update cycle to maintain well-calibrated assistance over time at 178 ± 1 Hz throughout.,Not found,Automatic full-text regex extraction; verify PDF for final claims.
120,"A Minimal, Deterministic Approach to Shared Control for Safe Powered Wheelchair Driving",Session HRI,12,https://www.roboticsproceedings.org/rss22/p120.pdf,Inference-side only/mostly,Not reported,Not reported,,Explicit latency/rate,40 Hz; 10 Hz,We run REACT at 40 Hz.,laptop,Automatic full-text regex extraction; verify PDF for final claims.
121,R2RGen: Real-to-Real 3D Data Generation for Spatially-generalized Robotic Manipulation,Session Manipulation 3,11,https://www.roboticsproceedings.org/rss22/p121.pdf,Not reported,Not reported,Not reported,,Not reported,Not reported,,Not found,Automatic full-text regex extraction; verify PDF for final claims.
122,DexGrasp-Zero: A Morphology-Aligned Policy for Zero-Shot Cross-Embodiment Dexterous Grasping,Session Manipulation 3,11,https://www.roboticsproceedings.org/rss22/p122.pdf,Training + inference reported,Explicit HW only,NVIDIA RTX 3090,We train all policies with PPO [19] and scalar that directly controls the corresponding DoF (with the on a NVIDIA RTX 3090 GPU for ...,Explicit HW + latency/rate,NVIDIA RTX 3090; 20 Hz,"Inference runs on a single cross-hand transfer under a standard single-hand benchmark, NVIDIA RTX 3090 GPU at 20 Hz.",NVIDIA RTX 3090; NVIDIA; GPU,Automatic full-text regex extraction; verify PDF for final claims.
123,Minimalist Compliance Control,Session Manipulation 3,12,https://www.roboticsproceedings.org/rss22/p123.pdf,Inference-side only/mostly,Not reported,Not reported,,Explicit latency/rate,10 ms; 12 ms; 50 Hz,"We report per step, with about 10 ms spent in the IK solver [49].",Jetson Orin,Automatic full-text regex extraction; verify PDF for final claims.
124,One Hand to Rule Them All: Canonical Representations for Unified Dexterous Manipulation,Session Manipulation 3,10,https://www.roboticsproceedings.org/rss22/p124.pdf,Not reported,Not reported,Not reported,,Not reported,Not reported,,Not found,Automatic full-text regex extraction; verify PDF for final claims.
125,AxisGuide: Grounding Robot Action Coordinate System in RGB Observations for Robust Visuomotor Manipulation,Session Manipulation 3,11,https://www.roboticsproceedings.org/rss22/p125.pdf,Not reported,Not reported,Not reported,,Not reported,Not reported,,Not found,Automatic full-text regex extraction; verify PDF for final claims.
126,Learning Deformable Object Manipulation Using Task-Level Iterative Learning Control,Session Manipulation 3,12,https://www.roboticsproceedings.org/rss22/p126.pdf,Inference-side only/mostly,Not reported,Not reported,,Partial real-time/runtime clue,Not reported,[28] applies norm-optimal methods for real-time control easy to detect and measure and occurs before our rope tracking of industrial gantry robots.,Not found,Automatic full-text regex extraction; verify PDF for final claims.
127,CLAMP: Contrastive Learning for 3D Multi-View Action-Conditioned Robotic Manipulation Pretraining,Session Manipulation 3,13,https://www.roboticsproceedings.org/rss22/p127.pdf,Not reported,Not reported,Not reported,,Not reported,Not reported,,Not found,Automatic full-text regex extraction; verify PDF for final claims.
128,Force Policy: Learning Hybrid Force-Position Control Policy under Interaction Frame for Contact-Rich Manipulation,Session Manipulation 3,11,https://www.roboticsproceedings.org/rss22/p128.pdf,Inference-side only/mostly,Not reported,Not reported,,Explicit HW + latency/rate,RTX 3090; 50Hz; 5Hz,Πglobal is responsible for global perception are first interpolated to a unified frequency of 50Hz.,RTX 3090; server; NVIDIA; GPU; workstation,Automatic full-text regex extraction; verify PDF for final claims.
129,ViTacFormer: Learning Cross-Modal Representation for Visuo-Tactile Dexterous Manipulation,Session Manipulation 3,11,https://www.roboticsproceedings.org/rss22/p129.pdf,Training + inference reported,Explicit HW only,GPUs,We train each task using 50 expert demon- Metrics We evaluate the algorithms with two established strations on 2 NVIDIA H20 GPUs.,Explicit latency/rate,10Hz,"During de- ployment, the policy runs at 10Hz, and we apply temporal B.",embedded; NVIDIA; GPUs,Automatic full-text regex extraction; verify PDF for final claims.
130,Galilean State Estimation for Inertial Navigation Systems with Unknown Time Delay,Session Navigation 2,10,https://www.roboticsproceedings.org/rss22/p130.pdf,Inference-side only/mostly,Not reported,Not reported,,Explicit latency/rate,0 ms; 100 ms; 200 ms; 300 ms; 500 ms; 200 Hz,w/o delay: delay fixed to 0 ms.,Not found,Automatic full-text regex extraction; verify PDF for final claims.
131,Learning to Localize Reference Trajectories in Image-Space for Visual Navigation,Session Navigation 2,11,https://www.roboticsproceedings.org/rss22/p131.pdf,Training + inference reported,Explicit HW only,NVIDIA RTX 5090; Jetson Orin,We train on a single NVIDIA RTX 5090 for the robot per trajectory for each evaluation setup.,Explicit HW + latency/rate,Jetson Orin; RTX 5090; 22 Hz; 15 ms; 6 ms; 160 Hz,"The system is lightweight (∼ 22 Hz on such as quadrupeds or drones to go to any point on the trajectory, from any Jetson ...",Jetson Orin; NVIDIA RTX 5090; RTX 5090; embedded; NVIDIA; desktop; onboard; Onboard,Automatic full-text regex extraction; verify PDF for final claims.
132,Beyond Isolation: A Unified Benchmark for General-Purpose Navigation,Session Navigation 2,11,https://www.roboticsproceedings.org/rss22/p132.pdf,Not reported,Not reported,Not reported,,Not reported,Not reported,,NVIDIA,Automatic full-text regex extraction; verify PDF for final claims.
133,Seeing Danger Before Moving: Learning Environment-Centric Risk for Safe Robot Navigation,Session Navigation 2,10,https://www.roboticsproceedings.org/rss22/p133.pdf,Inference-side only/mostly,Not reported,Not reported,,Explicit latency/rate,10 Hz; 95 ms,"The complete pipeline operates at 10 Hz with an the warning threshold, and replans again as hazards propagate.",onboard,Automatic full-text regex extraction; verify PDF for final claims.
134,Adaptive Smooth Tchebycheff Attention for Multi-Objective Policy Optimization,Session Navigation 2,12,https://www.roboticsproceedings.org/rss22/p134.pdf,Inference-side only/mostly,Not reported,Not reported,,Partial real-time/runtime clue,Not reported,"We introduce a novel conflict-driven controller that discover optimal policies in the concave regions of the front, regulates the optimization smoothness based on real-time ...",Onboard,Automatic full-text regex extraction; verify PDF for final claims.
135,Learning Agile Quadrotor Flight in the Real World,Session Navigation 2,10,https://www.roboticsproceedings.org/rss22/p135.pdf,Inference-side only/mostly,Not reported,Not reported,,Explicit latency/rate,50 Hz; 100 Hz,Simulation Model Calibration BPTT 50 Hz Nominal Model Forward C1.,NVIDIA RTX 4090; GPU; workstation; onboard; NVIDIA,Automatic full-text regex extraction; verify PDF for final claims.
136,Asymptotically Optimal Ergodic Coverage on Generalized Motion Fields,Session Navigation 2,11,https://www.roboticsproceedings.org/rss22/p136.pdf,Training-side only/mostly,Explicit time only,6 hour,"This scaling indicates with exploring an eddy within the Gulf of America for one that, for shorter time-horizons, the optimization’s performance month over 6 ...",Not reported,Not reported,,GPU; onboard,Automatic full-text regex extraction; verify PDF for final claims.
137,Learning What Matters: Adaptive Information Theoretic Objectives for Robot Exploration,Session Navigation 2,12,https://www.roboticsproceedings.org/rss22/p137.pdf,Inference-side only/mostly,Not reported,Not reported,,Explicit HW + latency/rate,Jetson Orin; 100 Hz; 30 Hz; 6.3 ms; 28.3 ms,"Finally, we plan to extend QOED to broader at 100 Hz and a RealSense D435i camera for navigation at robot learning problems, such as ...",Jetson Orin; NVIDIA; GPU; embedded,Automatic full-text regex extraction; verify PDF for final claims.
138,Learning Point Cloud Geometry as a Statistical Manifold: Theory and Practice,Session Navigation 2,12,https://www.roboticsproceedings.org/rss22/p138.pdf,Inference-side only/mostly,Not reported,Not reported,,Explicit latency/rate,73.9 ms; 10 ms,"Object Pose Estimation 16,000 points, each training step requires 73.9 ms.",embedded; NVIDIA; GPU,Automatic full-text regex extraction; verify PDF for final claims.
139,Tune to Learn: How Controller Gains Shape Robot Policy Learning,Session Imitation learning 2,11,https://www.roboticsproceedings.org/rss22/p139.pdf,Inference-side only/mostly,Not reported,Not reported,,Explicit latency/rate,500Hz; 20 Hz; 50Hz,"robot state First, we generate demonstration trajectories for each task with dual-camera RGB from global and wrist-mounted views), at high frequency (500Hz) using torque ...",Not found,Automatic full-text regex extraction; verify PDF for final claims.
140,Robometer: Scaling General-Purpose Robotic Reward Models via Trajectory Comparisons,Session Imitation learning 2,15,https://www.roboticsproceedings.org/rss22/p140.pdf,Training-side only/mostly,Explicit HW only,GPU,"Importantly, LoRA adding preference supervision consistently improves policy and FFT perform similarly, demonstrating that ROBOMETER ranking performance, increasing Kendall-εa on both LIBERO- can be ...",Not reported,Not reported,,GPU,Automatic full-text regex extraction; verify PDF for final claims.
141,Contact-Anchored Policies: Contact Conditioning Creates Strong Robot Utility Models,Session Imitation learning 2,18,https://www.roboticsproceedings.org/rss22/p141.pdf,Inference-side only/mostly,Not reported,Not reported,,Explicit runtime HW,GPU,"The parameters, we can deploy and infer from it in real time on robot needs to open the cabinet door, pick up the bag, ...",GPU,Automatic full-text regex extraction; verify PDF for final claims.
142,"When to Act, Ask, or Learn: Uncertainty-Aware Policy Steering",Session Imitation learning 2,11,https://www.roboticsproceedings.org/rss22/p142.pdf,Not reported,Not reported,Not reported,,Not reported,Not reported,,Not found,Automatic full-text regex extraction; verify PDF for final claims.
143,ReSteer: Quantifying and Refining the Steerability of Multitask Robot Policies,Session Imitation learning 2,21,https://www.roboticsproceedings.org/rss22/p143.pdf,"Hardware mentioned, cost not tied to train/infer",Not reported,Not reported,,Not reported,Not reported,,t4,Automatic full-text regex extraction; verify PDF for final claims.
144,Emergent Neural Automaton Policies: Learning Symbolic Structure from Visuomotor Trajectories,Session Imitation learning 2,12,https://www.roboticsproceedings.org/rss22/p144.pdf,Not reported,Not reported,Not reported,,Not reported,Not reported,,Not found,Automatic full-text regex extraction; verify PDF for final claims.
145,Universal Pose Pretraining for Generalizable Vision-Language-Action Policies,Session Imitation learning 2,12,https://www.roboticsproceedings.org/rss22/p145.pdf,Training + inference reported,Explicit HW only,GPUs; GPU,"Training is performed Lpre (✓) = log p✓ (sk | (O), L, s<k ) (3) on 16 NVIDIA H20 GPUs with bfloat16 precision and ...",Explicit runtime HW,GPU,"This approach significantly reduces ically, during training, we randomly zero-pad raymaps or GPU hours compared to previous VLA training [4, 5] while depth values ...",embedded; NVIDIA; GPUs; GPU; Laptop,Automatic full-text regex extraction; verify PDF for final claims.
146,EigenSafe: A Spectral Framework for Learning-Based Probabilistic Safety Assessment,Session Imitation learning 2,11,https://www.roboticsproceedings.org/rss22/p146.pdf,Not reported,Not reported,Not reported,,Not reported,Not reported,,Not found,Automatic full-text regex extraction; verify PDF for final claims.
147,DISC: Decoupling Instruction from State-Conditioned Control via Policy Generation,Session Imitation learning 2,11,https://www.roboticsproceedings.org/rss22/p147.pdf,Not reported,Not reported,Not reported,,Not reported,Not reported,,embedded,Automatic full-text regex extraction; verify PDF for final claims.
148,Zero-Shot Sim-to-Real Robot Learning: A Dexterous Manipulation Study on Reactive Catching,Session RL,12,https://www.roboticsproceedings.org/rss22/p148.pdf,Training + inference reported,Explicit time only,2 hours,We plate pose (expressed in the robot’s base frame) is given then froze the pre-trained DRIS encoder and used it to train e e ...,Partial real-time/runtime clue,Not reported,The desired joint configuration is tracked using the same neural network architecture but learned end-to- using a joint-space torque controller that generates real-time end ...,Not found,Automatic full-text regex extraction; verify PDF for final claims.
149,Emerging Extrinsic Dexterity in Cluttered Scenes via Dynamics-aware Policy Learning,Session RL,11,https://www.roboticsproceedings.org/rss22/p149.pdf,Not reported,Not reported,Not reported,,Not reported,Not reported,,Not found,Automatic full-text regex extraction; verify PDF for final claims.
150,ViserDex: Visual Sim-to-Real for Robust Dexterous In-hand Reorientation,Session RL,10,https://www.roboticsproceedings.org/rss22/p150.pdf,Training + inference reported,Explicit HW + time,NVIDIA RTX 4090; 26 hours; 90 hours; 24GB; 30 GB,"Removing either the Action Latency or Time training converges in 26 hours on a single consumer-grade Window components significantly slows learning, particularly NVIDIA RTX ...",Explicit latency/rate,300 Hz; 30 Hz; 2 ms,These perturbations effectively repli- that are tracked by a low-level joint PD controller at 300 Hz.,NVIDIA RTX 4090; GPU; workstation; CPU; NVIDIA; GPUs,Automatic full-text regex extraction; verify PDF for final claims.
151,SimToolReal: An Object-Centric Policy for Zero-Shot Dexterous Tool Manipulation,Session RL,13,https://www.roboticsproceedings.org/rss22/p151.pdf,Training + inference reported,Explicit HW only,gpu,Isaac gym: High performance gpu- lation based training.,Explicit latency/rate,3 Hz; 30 Hz,We use an LSTM backbone so the We process this trajectory by downsampling to 3 Hz.,gpu,Automatic full-text regex extraction; verify PDF for final claims.
152,Latent Policy Steering through One-Step Flow Policies,Session RL,14,https://www.roboticsproceedings.org/rss22/p152.pdf,"Hardware mentioned, cost not tied to train/infer",Not reported,Not reported,,Not reported,Not reported,,NVIDIA L40S; NVIDIA; GPU; CPU,Automatic full-text regex extraction; verify PDF for final claims.
153,"When Life Gives You BC, Make Q-functions: Extracting Q-values from Behavior Cloning for On-Robot Reinforcement Learning",Session RL,10,https://www.roboticsproceedings.org/rss22/p153.pdf,Not reported,Not reported,Not reported,,Not reported,Not reported,,Not found,Automatic full-text regex extraction; verify PDF for final claims.
154,Offline Policy Evaluation for Manipulation Policies via Discounted Liveness Formulation,Session RL,17,https://www.roboticsproceedings.org/rss22/p154.pdf,Not reported,Not reported,Not reported,,Not reported,Not reported,,Not found,Automatic full-text regex extraction; verify PDF for final claims.
155,HydroShear: Hydroelastic Shear Simulation for Tactile Sim-to-Real Reinforcement Learning,Session RL,11,https://www.roboticsproceedings.org/rss22/p155.pdf,Training-side only/mostly,Explicit HW only,GPU,"formulation is GPU-parallelizable, enabling efficient large- Even recent marker-based methods such as FOTS are limited scale policy training in simulation.",Not reported,Not reported,,GPU,Automatic full-text regex extraction; verify PDF for final claims.
156,Toward Reliable Sim-to-Real Predictability for MoE-based Robust Quadrupedal Locomotion,Session RL,17,https://www.roboticsproceedings.org/rss22/p156.pdf,Inference-side only/mostly,Not reported,Not reported,,Explicit latency/rate,50Hz; 200Hz; 90Hz,"The system Accordingly, the resulting latent state z s of the student encoder operates with a control frequency of 50Hz and a simulation is ...",Not found,Automatic full-text regex extraction; verify PDF for final claims.
157,Guided Streaming Stochastic Interpolant Policy,Session Modeling and Optimization,10,https://www.roboticsproceedings.org/rss22/p157.pdf,Inference-side only/mostly,Not reported,Not reported,,Explicit latency/rate,14.75 ms; 91.52 ms; 7.78 ms; 11.37 ms; 13.72 ms; 18.49 ms,"In particular, CCG-P achieves the high- est success rate (74.3%) while maintaining low per-step la- tency (14.75 ms), outperforming classifier-guided DP (58.5%, 0.8 91.52 ...",A5000; workstation; GPU,Automatic full-text regex extraction; verify PDF for final claims.
158,Damage Adaptation in Seconds for Architected Materials,Session Modeling and Optimization,12,https://www.roboticsproceedings.org/rss22/p158.pdf,Inference-side only/mostly,Not reported,Not reported,,Partial real-time/runtime clue,Not reported,"Our algorithm is able to adapt to cuts, burns, metrically defined by constant terms that engineers typically and actuator repairs, enabling simulation-free real-time adap- ...",TPU; RTX3080; embedded; laptop; GPU,Automatic full-text regex extraction; verify PDF for final claims.
159,NeuralActuator: Neural Actuation Modeling for Robot Dynamics and External Force Perception,Session Modeling and Optimization,12,https://www.roboticsproceedings.org/rss22/p159.pdf,Training + inference reported,Explicit HW only,GPU,Network training and inference force Z− 1.0 5.9 0.6 0.6 1.0 0.36 2.9 6.6 2.8 2.5 1.0 0.64 3.8 6.4 3.5 2.0 1.0 0.57 ...,Explicit latency/rate,019 Hz; 992 Hz; 62.3 Hz,"(b=1) 4,019 Hz and held fixed.",NVIDIA GeForce RTX 5080; RTX 4090; A6000; workstation; NVIDIA; GPU; embedded,Automatic full-text regex extraction; verify PDF for final claims.
160,Muninn: Your Trajectory Diffusion Model But Faster,Session Modeling and Optimization,12,https://www.roboticsproceedings.org/rss22/p160.pdf,Training + inference reported,Explicit HW only,GPU,"data change acceleration methods are opaque: they reduce compute, but Distill-1 step Extra Training Cost (GPU hours) 200 77.1% Full multi-step ↑ ↑ ↑ ...",Explicit HW + latency/rate,GPU; 957 ms; 24GB,"wall-clock 957 ms, at which point it achieves the maximum possible D4RL score.",embedded; NVIDIA; GPU,Automatic full-text regex extraction; verify PDF for final claims.
161,Consensus-based optimization (CBO): Towards Global Optimality in Robotics,Session Modeling and Optimization,11,https://www.roboticsproceedings.org/rss22/p161.pdf,"Hardware mentioned, cost not tied to train/infer",Not reported,Not reported,,Not reported,Not reported,,GeForce RTX 5090; GPU; NVIDIA; Laptop,Automatic full-text regex extraction; verify PDF for final claims.
162,Natural Functional Gradients for Smooth Trajectory Optimization,Session Modeling and Optimization,11,https://www.roboticsproceedings.org/rss22/p162.pdf,Training + inference reported,Explicit HW only,GPU,"Recent GPU-accelerated methods improve optimization trajectory feasibility and produces smoother trajectories than throughput, yet trajectory generation under narrow geometric representative planning and trajectory optimization ...",Explicit latency/rate,100 Hz,optimization is performed over a fixed 5 s horizon discretized at 100 Hz using 100 sampled trajectories per optimization step B.,GPU,Automatic full-text regex extraction; verify PDF for final claims.
163,IMPACT: An Implicit Active-Set Augmented Lagrangian for Fast Contact-Implicit Trajectory Optimization,Session Modeling and Optimization,11,https://www.roboticsproceedings.org/rss22/p163.pdf,Inference-side only/mostly,Not reported,Not reported,,Explicit latency/rate,60 Hz; 10 Hz; 1.30 Hz,For a 50-60 Hz CI-MPC on our test PC.,desktop; CPU; GPU,Automatic full-text regex extraction; verify PDF for final claims.
164,RIO: Flexible Real-time Robot I/O for Cross-Embodiment Robot Learning,Session Modeling and Optimization,11,https://www.roboticsproceedings.org/rss22/p164.pdf,Inference-side only/mostly,Not reported,Not reported,,Explicit latency/rate,85.8 ms; 80 Hz; 130.3 ms,"We open source RIO, and continuous control despite the ∼85.8 ms model forward pass.",NVIDIA GeForce RTX 4090; GPU; server; onboard; CPU; desktop; NVIDIA,Automatic full-text regex extraction; verify PDF for final claims.
165,Structured Learning for Electromagnetic Field Modeling and Real-Time Inversion,Session Modeling and Optimization,11,https://www.roboticsproceedings.org/rss22/p165.pdf,Inference-side only/mostly,Not reported,Not reported,,Explicit latency/rate,1 ms; 1.5 ms,"Nel- the range of approximately 1 ms, ensuring that computational son.",CPU,Automatic full-text regex extraction; verify PDF for final claims.
166,FreeOcc: Training-Free Embodied Open-Vocabulary Occupancy Prediction,Session Perception and Estimation,12,https://www.roboticsproceedings.org/rss22/p166.pdf,Not reported,Not reported,Not reported,,Not reported,Not reported,,embedded,Automatic full-text regex extraction; verify PDF for final claims.
167,More with LESS – Local Scene Representations for Tactile Imaging,Session Perception and Estimation,11,https://www.roboticsproceedings.org/rss22/p167.pdf,Inference-side only/mostly,Not reported,Not reported,,Partial real-time/runtime clue,Not reported,We further observed that can be used as a hand-held device that produces accurate using a lower receptive field generalized better to the hand- ...,Not found,Automatic full-text regex extraction; verify PDF for final claims.
168,AnyAmber: A Generalist for Versatile Anonymous Bearing and Range Based Position Tracking,Session Perception and Estimation,11,https://www.roboticsproceedings.org/rss22/p168.pdf,Inference-side only/mostly,Not reported,Not reported,,Explicit runtime HW,Embedded,"Additionally, we incorporate a Sensor-Embedded GRU SS Data SM Data MS Data MM Data Existing module for adaptive UWB bias correction and a temporal ...",Embedded; embedded,Automatic full-text regex extraction; verify PDF for final claims.
169,Anticipatory Motion Suppression in Event-Based Cameras,Session Perception and Estimation,10,https://www.roboticsproceedings.org/rss22/p169.pdf,Inference-side only/mostly,Not reported,Not reported,,Explicit latency/rate,100 ms; 50 ms,Top row: Events accumulated over ∆tp = 100 ms with ground-truth IMO masks.,GeForce RTX 2080; GPUs; GPU; embedded; CPU,Automatic full-text regex extraction; verify PDF for final claims.
170,From Local Matches to Global Masks: Template-Guided Instance Detection and Segmentation in Open-World Scenes,Session Perception and Estimation,11,https://www.roboticsproceedings.org/rss22/p170.pdf,Training + inference reported,Explicit HW only,NVIDIA RTX A5000,"As a result, it requires higher compu- benchmark experiments on RoboTools and HR-InsDet are tational resources compared to conventional end-to-end de- conducted using two ...",Explicit HW + latency/rate,GPU; 15fps,"For positively correlated with the quality of the dense feature inference, we mount a Realsense D415 camera on the robot extractor, and validate our ...",NVIDIA A5000; RTX 4090; NVIDIA RTX 4090; NVIDIA RTX A5000; NVIDIA; GPUs; laptop; GPU,Automatic full-text regex extraction; verify PDF for final claims.
171,TE-SDF: Tetra-Encoded Signed Distance Field for Memory-Efficient and Accurate Collision Detection,Session Perception and Estimation,11,https://www.roboticsproceedings.org/rss22/p171.pdf,Training + inference reported,Explicit HW only,GPU,"To avoid these issues, we assign a end of the Face–TES collision detection, which filters out the warp (a GPU architecture-defined execution unit consisting ...",Explicit latency/rate,1 ms; 5 ms,"To reduce dis- crepancies arising from differences in the underlying dynamics solvers [19, 28], we use various timesteps (1 ms ∼ 5 ms) and ...",NVIDIA RTX 5090; GPU; GPUs; CPU; NVIDIA,Automatic full-text regex extraction; verify PDF for final claims.
172,Seeing is Believing: Certified Perception-Based Control from Learned Visual Representations via System Level Synthesis,Session Perception and Estimation,11,https://www.roboticsproceedings.org/rss22/p172.pdf,Inference-side only/mostly,Not reported,Not reported,,Explicit runtime HW,Onboard; onboard,(e) Onboard images collected to implement our controller.,onboard; Onboard; gPu; GPU,Automatic full-text regex extraction; verify PDF for final claims.
173,Picasso: Holistic Scene Reconstruction with Physics-Constrained Sampling,Session Perception and Estimation,11,https://www.roboticsproceedings.org/rss22/p173.pdf,Inference-side only/mostly,Not reported,Not reported,,Explicit latency/rate,60 Hz,We capture RGB-D data using an CRISP-Syn+Picasso 8.71 3.99 55% 0.35 CRISP-Real+Picasso 8.77 3.95 55% 0.33 iPad’s built-in LiDAR and camera sensors at 1920 ...,GPU,Automatic full-text regex extraction; verify PDF for final claims.
174,Simulation-Ready Cluttered Scene Estimation via Physics-aware Joint Shape and Pose Optimization,Session Perception and Estimation,11,https://www.roboticsproceedings.org/rss22/p174.pdf,Training-side only/mostly,Explicit HW only,CPU,"All the computations are done on CPU Appendix C for details on simulator setup), our reconstructions except for differentiable rendering based texture optimization.",Not reported,Not reported,,GeForce RTX 5090; CPU; GPU,Automatic full-text regex extraction; verify PDF for final claims.
175,"Viser: Imperative, Web-based 3D Visualization for Python",Session Perception and Estimation,12,https://www.roboticsproceedings.org/rss22/p175.pdf,Inference-side only/mostly,Not reported,Not reported,,Partial real-time/runtime clue,Not reported,"The transport and rendering Viser simple to install and run across platforms, including on layers are architected around real-time data streams, which headless servers ...",server; Server; CPU; GPU,Automatic full-text regex extraction; verify PDF for final claims.
176,Motion-Uncertainty-Aware Next-Best-View Planning for Moving Object Reconstruction,Session Perception and Estimation,11,https://www.roboticsproceedings.org/rss22/p176.pdf,Inference-side only/mostly,Not reported,Not reported,,Explicit latency/rate,427 ms; 479 ms,modestly from 427 ms for predicted-mean scoring to 479 ms for MC scoring with N = 40.,workstation; CPU; onboard,Automatic full-text regex extraction; verify PDF for final claims.
177,Relaxation-Aware Multimodal Sensing of Soft Gripper Driven by Structure-Perception-Learning,Session Perception and Estimation,11,https://www.roboticsproceedings.org/rss22/p177.pdf,Inference-side only/mostly,Not reported,Not reported,,Explicit latency/rate,0.14 ms; 4.94 ms; 3.5 ms; 1.3 ms; 4.8 ms; 30 Hz; 1 Hz,"The steady-state RCFN inference adds approximately 0.14 ms, resulting in a relaxation-compensated force latency of approximately 4.94 ms.",onboard; embedded,Automatic full-text regex extraction; verify PDF for final claims.
178,"CoCo-InEKF: State Estimation with Learned Contact Covariances in Dynamic, Contact-Rich Scenarios",Session Perception and Estimation,11,https://www.roboticsproceedings.org/rss22/p178.pdf,Training + inference reported,Explicit HW + time,Nvidia RTX 4090; 5 days,"Moreover, the body frame velocities are an observable quantity Models are trained on a single Nvidia RTX 4090 GPU of the InEKF, while the ...",Explicit HW + latency/rate,onboard; 600 Hz,"Adding additional loss terms simulations are performed at 600 Hz, matching the robot’s based on the position and orientation states is straightforward, low-level loop ...",Nvidia RTX 4090; onboard; Nvidia; GPU,Automatic full-text regex extraction; verify PDF for final claims.
179,Vec-QMDP: Vectorized POMDP Planning on CPUs for Real-Time Autonomous Driving,Session Planning,11,https://www.roboticsproceedings.org/rss22/p179.pdf,Training + inference reported,Explicit HW only,CPU,"Require: Initial belief b0 , number of CPU threads M , sce- Section VI introduces our vectorized belief-space trajectory narios per thread N optimization.",Explicit HW + latency/rate,CPU; 4.2 ms; 0.038 ms; 0.013 ms,The constructed speedup (4.2 ms vs.,Jetson AGX; CPU; GPU; CPUs; onboard; GPUs; embedded,Automatic full-text regex extraction; verify PDF for final claims.
180,From Reaction to Anticipation: Proactive Failure Recovery through Agentic Task Graph for Robotic Manipulation,Session Planning,18,https://www.roboticsproceedings.org/rss22/p180.pdf,Not reported,Not reported,Not reported,,Not reported,Not reported,,GPU; gpu,Automatic full-text regex extraction; verify PDF for final claims.
181,Hypothesis-driven Model Expansion under Uncertainty for Open-World Robot Planning,Session Planning,12,https://www.roboticsproceedings.org/rss22/p181.pdf,Inference-side only/mostly,Not reported,Not reported,,Partial real-time/runtime clue,Not reported,"This and the real world show that uncertainty-aware model expan- design supports tractable, real-time planning, but limits the sion significantly improves robustness and success ...",T4,Automatic full-text regex extraction; verify PDF for final claims.
182,ELVIS: Ensemble-Calibrated Latent Imagination for Long-Horizon Visual MPC,Session Planning,10,https://www.roboticsproceedings.org/rss22/p182.pdf,Inference-side only/mostly,Not reported,Not reported,,Partial real-time/runtime clue,Not reported,"SUNRISE uses ensemble-UCB style op- line under controlled model error, using real-time confidence timism for exploration [14], and POLO combines online trajec- thresholds and ...",Not found,Automatic full-text regex extraction; verify PDF for final claims.
183,Informative Path Planning with Guaranteed Estimation Uncertainty,Session Planning,11,https://www.roboticsproceedings.org/rss22/p183.pdf,Inference-side only/mostly,Not reported,Not reported,,Explicit runtime HW,CPU,All bench- marks were run on a computer with an Intel i9-14900K CPU max F (S) s.t.,onboard; CPU,Automatic full-text regex extraction; verify PDF for final claims.
184,KinDER: A Physical Reasoning Benchmark for Robot Learning and Planning,Session Planning,13,https://www.roboticsproceedings.org/rss22/p184.pdf,"Hardware mentioned, cost not tied to train/infer",Not reported,Not reported,,Not reported,Not reported,,TPU; NVIDIA,Automatic full-text regex extraction; verify PDF for final claims.
185,Integrated Hierarchical Decision-Making in Inverse Kinematic Planning and Control,Session Planning,11,https://www.roboticsproceedings.org/rss22/p185.pdf,Inference-side only/mostly,Not reported,Not reported,,Explicit latency/rate,2.7 ms; 0.8 ms; 0.3 ms; 0.7 ms,H-MOSEK (8.3±2.7 ms).,embedded; CPU,Automatic full-text regex extraction; verify PDF for final claims.
186,HOP: Fast Differential Dynamic Programming for Horizon-Optimal Trajectory Planning,Session Planning,10,https://www.roboticsproceedings.org/rss22/p186.pdf,Not reported,Not reported,Not reported,,Not reported,Not reported,,Not found,Automatic full-text regex extraction; verify PDF for final claims.
187,Implicit Null-space Manifold Generation for Redundant Robotic Systems,Session Planning,9,https://www.roboticsproceedings.org/rss22/p187.pdf,Inference-side only/mostly,Not reported,Not reported,,Explicit latency/rate,0.04 ms; 2.91 ms; 8.41 ms,"requiring approximately 0.04 ms per evaluation including (17) In contrast, the time required for GP construction was ap- and (18).",Not found,Automatic full-text regex extraction; verify PDF for final claims.
188,Exploit Agile Mobility of Steerable-Wheeled Mobile Robots: A Fast Motion Planning Approach,Session Planning,11,https://www.roboticsproceedings.org/rss22/p188.pdf,Inference-side only/mostly,Not reported,Not reported,,Explicit latency/rate,8.486 ms; 8.306 ms,"Except for the active-set algorithm, LMPC (median: 8.486 ms) and the proposed approach (me- all compared approaches are able to guide the SWMR to ...",Embedded; laptop,Automatic full-text regex extraction; verify PDF for final claims.
189,Sampling-Based Follow-the-Leader Motion Planning for Manipulator-Mounted Continuum Robots,Session Planning,10,https://www.roboticsproceedings.org/rss22/p189.pdf,Not reported,Not reported,Not reported,,Not reported,Not reported,,Not found,Automatic full-text regex extraction; verify PDF for final claims.
190,Certifiable Gradient-Based Contact-Rich Manipulation via Smoothing-Error Reachable Tubes,Session Planning,12,https://www.roboticsproceedings.org/rss22/p190.pdf,Not reported,Not reported,Not reported,,Not reported,Not reported,,embedded; desktop; GPU,Automatic full-text regex extraction; verify PDF for final claims.
191,Parallel Differentiable Reachability for Learning and Planning with Certified Neural Dynamics and Controllers,Session Planning,12,https://www.roboticsproceedings.org/rss22/p191.pdf,Inference-side only/mostly,Not reported,Not reported,,Explicit HW + latency/rate,RTX 4090; 10 Hz; 5 Hz,The planner runs online at approximately 10 Hz uncertainty.,RTX 4090; GPU; CPU; embedded,Automatic full-text regex extraction; verify PDF for final claims.
192,CRAFT: A Tendon-Driven Hand with Hybrid Hard-Soft Compliance,Session Robot & Sensor Design,10,https://www.roboticsproceedings.org/rss22/p192.pdf,"Hardware mentioned, cost not tied to train/infer",Not reported,Not reported,,Not reported,Not reported,,TPU,Automatic full-text regex extraction; verify PDF for final claims.
193,LightTact: A Visual-Tactile Fingertip Sensor for Deformation-Independent Contact Sensing,Session Robot & Sensor Design,10,https://www.roboticsproceedings.org/rss22/p193.pdf,Not reported,Not reported,Not reported,,Not reported,Not reported,,Not found,Automatic full-text regex extraction; verify PDF for final claims.
194,Bridging Language and Physics: Automated Design of Continuum Robots with Large Language Models,Session Robot & Sensor Design,9,https://www.roboticsproceedings.org/rss22/p194.pdf,Not reported,Not reported,Not reported,,Not reported,Not reported,,Not found,Automatic full-text regex extraction; verify PDF for final claims.
195,Latent Diffeomorphic Co-Design of End-Effectors for Deformable and Fragile Object Manipulation,Session Robot & Sensor Design,11,https://www.roboticsproceedings.org/rss22/p195.pdf,Not reported,Not reported,Not reported,,Not reported,Not reported,,Not found,Automatic full-text regex extraction; verify PDF for final claims.
196,Computational Design of a Low-Visibility UAV Using a Human-Aligned Perceptual Metric,Session Robot & Sensor Design,10,https://www.roboticsproceedings.org/rss22/p196.pdf,Inference-side only/mostly,Not reported,Not reported,,Explicit latency/rate,24 fps; 150 ms; 500 Hz,"of 24 fps and consistent with the 50 ∼ 150 ms persistence time of the human eye [17, 18, 16], we assume the observer ...",Not found,Automatic full-text regex extraction; verify PDF for final claims.
197,A Dual-Mode Electrical Capacitance Tomography Sensor for Robotic Proximity Servoing and Grasping,Session Robot & Sensor Design,9,https://www.roboticsproceedings.org/rss22/p197.pdf,Inference-side only/mostly,Not reported,Not reported,,Explicit latency/rate,20 Hz; 50 Hz; 100 Hz,Experiment Setup and Implementation: A closed-loop velocity controller runs at 20 Hz.,embedded; onboard,Automatic full-text regex extraction; verify PDF for final claims.
198,Continuum Robot Modeling with Action Conditioned Flow Matching,Session Robot & Sensor Design,14,https://www.roboticsproceedings.org/rss22/p198.pdf,Not reported,Not reported,Not reported,,Not reported,Not reported,,Embedded,Automatic full-text regex extraction; verify PDF for final claims.
199,A Super-Resolution and Multi-Axis Tactile Sensor with Soft Artificial Skin,Session Robot & Sensor Design,10,https://www.roboticsproceedings.org/rss22/p199.pdf,Inference-side only/mostly,Not reported,Not reported,,Partial real-time/runtime clue,Not reported,"During real-time inference, the system processes Building an accurate analytical model is challenging be- x to provide continuous 3D force and location estimation, cause ...",t4; embedded,Automatic full-text regex extraction; verify PDF for final claims.
200,Active Surface-Driven Reconfigurable Gripper: Robust Grasping and Sequential Manipulation of Thin Objects,Session Robot & Sensor Design,11,https://www.roboticsproceedings.org/rss22/p200.pdf,Not reported,Not reported,Not reported,,Not reported,Not reported,,desktop; Desktop,Automatic full-text regex extraction; verify PDF for final claims.
201,Long-Context Robot Imitation Learning by Focusing on Key History Frames,Session Imitation learning 3,10,https://www.roboticsproceedings.org/rss22/p201.pdf,Inference-side only/mostly,Not reported,Not reported,,Explicit latency/rate,50 Hz; 5 seconds per query; 1 Hz,"By contrast, Drawer Search and Stacking Puzzle represent a The control loop runs at 50 Hz for data collection and policy significant increase in ...",NVIDIA RTX 4090; workstation; NVIDIA; GPU,Automatic full-text regex extraction; verify PDF for final claims.
202,Functional Force-Aware Retargeting from Virtual Human Demos to Soft Robot Policies,Session Imitation learning 3,10,https://www.roboticsproceedings.org/rss22/p202.pdf,Inference-side only/mostly,Not reported,Not reported,,Explicit latency/rate,200 Hz,"The internal These demonstrations serve as the primary input to our force- pressure to the soft robot chambers are controlled precisely aware retargeting pipeline, ...",embedded,Automatic full-text regex extraction; verify PDF for final claims.
203,LAP: Language-Action Pre-training Enables Zero-Shot Cross-Embodiment Transfer,Session Imitation learning 3,12,https://www.roboticsproceedings.org/rss22/p203.pdf,Training + inference reported,Explicit HW only,TPU,Training uses a global batch size of 2048 across 64 TPU 3) VLA-0-replicated: supervises the VLM following v6e chips for 15k gradient steps (approximately ...,Explicit HW + latency/rate,NVIDIA RTX 4090; 25 Hz; 0.5Hz; 4Hz; 0.2Hz; 25Hz,at 25 Hz on an NVIDIA RTX 4090 GPU.,NVIDIA RTX 4090; TPU; NVIDIA; GPU,Automatic full-text regex extraction; verify PDF for final claims.
204,Unlocking In-the-Wild Loco-Manipulation with Robot-Free Egocentric Demonstration,Session Imitation learning 3,12,https://www.roboticsproceedings.org/rss22/p204.pdf,Inference-side only/mostly,Not reported,Not reported,,Explicit latency/rate,20 Hz; 100 Hz,Does policy performance scale with sampled to 20 Hz to align temporally with the robot data.,Not found,Automatic full-text regex extraction; verify PDF for final claims.
205,HoMMI: Learning Whole-Body Mobile Manipulation from Human Demonstrations,Session Imitation learning 3,11,https://www.roboticsproceedings.org/rss22/p205.pdf,Inference-side only/mostly,Not reported,Not reported,,Explicit latency/rate,10 Hz; 100 Hz; 500 Hz; 60 Hz,"Importantly, the look- buffered actions are streamed at 10 Hz to provide latency- at point is controlled separately from the whole-body IK and matched ...",server,Automatic full-text regex extraction; verify PDF for final claims.
206,"Mimic Intent, Not Just Trajectories",Session Imitation learning 3,11,https://www.roboticsproceedings.org/rss22/p206.pdf,Not reported,Not reported,Not reported,,Not reported,Not reported,,Not found,Automatic full-text regex extraction; verify PDF for final claims.
207,TAIL-Safe: Task-Agnostic Safety Monitoring for Imitation Learning Policies,Session Imitation learning 3,14,https://www.roboticsproceedings.org/rss22/p207.pdf,Inference-side only/mostly,Not reported,Not reported,,Explicit HW + latency/rate,RTX 4090; 20Hz; 43ms; 10Hz; 15.0 ms; 3 ms,The robot operates at 20Hz with RGB-D from a We qualitatively demonstrate TAIL-Safe’s resilience to run- wrist-mounted camera (43ms latency on RTX 4090).,RTX 4090,Automatic full-text regex extraction; verify PDF for final claims.
208,TMRL: Diffusion Timestep-Modulated Pretraining Enables Exploration for Efficient Policy Finetuning,Session Imitation learning 3,12,https://www.roboticsproceedings.org/rss22/p208.pdf,Not reported,Not reported,Not reported,,Not reported,Not reported,,Not found,Automatic full-text regex extraction; verify PDF for final claims.
209,Action-to-Action Flow Matching,Session Imitation learning 3,10,https://www.roboticsproceedings.org/rss22/p209.pdf,Inference-side only/mostly,Not reported,Not reported,,Explicit HW + latency/rate,NVIDIA GeForce RTX 5090; 1 ms; 0.56 ms; 32GB,"architecture, the inference latency of A2A is maintained below Specifically, grounding the generation process in historical 1 ms.",NVIDIA GeForce RTX 5090; embedded; NVIDIA; GPU,Automatic full-text regex extraction; verify PDF for final claims.
210,LDA-1B: Scaling Latent Dynamics Action Model via Universal Embodied Data Ingestion,Session Imitation learning 3,11,https://www.roboticsproceedings.org/rss22/p210.pdf,Training + inference reported,Explicit HW only,GPU,"The We represent predictive targets, future visual states and training process contains 400k iterations, resulting in a total actions, in a unified format to ...",Explicit latency/rate,3 Hz; 10 Hz,"Visual observations are sampled at 3 Hz, a data collection and annotation, thereby facilitating practical lower frequency than actions, 10 Hz.",embedded; server; NVIDIA; GPUs; GPU,Automatic full-text regex extraction; verify PDF for final claims.
